CustomerID,Recency,Frequency,Monetary,Cluster
12346.0,157,1,77183.6,2
12347.0,15,102,2205.95,0
12348.0,80,28,1487.24,0
12350.0,141,17,334.4,1
12352.0,93,38,1561.81,1
12353.0,35,4,89.0,0
12354.0,64,58,1079.4,0
12355.0,46,13,459.4,0
12356.0,77,57,2753.08,0
12359.0,21,143,3495.73,0
12360.0,32,45,1083.58,0
12361.0,119,10,189.9,1
12362.0,57,56,974.34,0
12363.0,74,16,299.1,0
12365.0,123,22,641.38,1
12370.0,106,139,2806.41,1
12372.0,44,39,914.9200000000001,0
12373.0,143,14,364.6,1
12377.0,146,77,1628.12,1
12379.0,1,20,459.84,0
12380.0,17,36,607.5500000000001,0
12383.0,16,99,1850.56,0
12386.0,169,10,401.9,1
12388.0,106,35,766.25,1
12393.0,77,39,1061.1000000000001,0
12394.0,49,21,381.08,0
12395.0,43,79,1569.72,0
12399.0,15,47,899.03,0
12401.0,135,5,84.3,1
12402.0,155,11,225.6,1
12406.0,15,49,1621.25,0
12407.0,67,27,495.96,0
12408.0,7,65,1491.77,0
12409.0,14,64,6207.08,0
12410.0,140,26,693.3299999999999,1
12412.0,1,28,514.5,0
12413.0,67,28,563.9,0
12414.0,49,18,562.41,0
12415.0,9,414,74310.71,2
12417.0,18,92,1898.27,0
12421.0,5,25,396.8,0
12422.0,156,13,238.5,1
12423.0,23,96,1451.69,0
12426.0,26,30,582.73,0
12427.0,203,10,303.5,1
12428.0,74,235,6310.54,0
12429.0,4,70,2844.88,0
12431.0,32,131,3158.53,0
12432.0,2,76,4016.66,0
12433.0,197,147,3787.12,1
12434.0,92,16,286.25,1
12435.0,99,19,3978.9900000000002,1
12437.0,9,88,2476.73,0
12441.0,198,11,173.55,1
12444.0,3,90,1870.2,0
12447.0,75,26,476.49,0
12449.0,18,48,858.9300000000001,0
12450.0,5,6,101.88,0
12451.0,49,195,5307.82,0
12455.0,21,55,1963.3,0
12456.0,86,41,940.1700000000001,0
12457.0,65,25,1067.25,0
12458.0,116,19,441.92,1
12462.0,135,40,762.11,1
12463.0,7,61,985.79,0
12464.0,32,15,544.8499999999999,0
12465.0,1,26,440.94,0
12468.0,19,38,729.5400000000001,0
12471.0,42,179,8397.32,0
12472.0,11,206,4315.5,0
12473.0,23,35,672.1899999999999,0
12474.0,3,176,3146.89,0
12476.0,49,85,2445.1,0
12477.0,71,109,4576.97,0
12480.0,99,77,1587.27,1
12481.0,11,157,4101.76,0
12483.0,15,39,1314.6100000000001,0
12484.0,8,159,2276.66,0
12489.0,168,15,334.93,1
12490.0,4,80,1679.78,0
12493.0,29,12,232.5,0
12494.0,28,41,715.64,0
12500.0,98,18,1210.2,1
12501.0,168,149,2169.39,1
12502.0,49,77,1842.65,0
12506.0,64,23,73.5,0
12507.0,130,13,446.16,1
12509.0,116,7,176.5,1
12510.0,157,29,681.05,1
12514.0,98,51,1017.68,1
12515.0,184,16,383.7,1
12516.0,12,13,583.2,0
12517.0,22,134,766.95,0
12520.0,36,102,1697.56,0
12523.0,84,32,500.19,0
12524.0,36,104,2833.38,0
12527.0,126,15,284.92,1
12528.0,108,44,771.66,1
12530.0,65,27,805.0,0
12535.0,18,18,371.45,0
12539.0,93,230,4517.69,0
12540.0,17,208,6502.5199999999995,0
12541.0,4,28,536.14,0
12545.0,91,34,628.15,1
12547.0,29,8,207.79999999999998,0
12551.0,189,10,168.0,1
12553.0,36,97,1734.62,0
12557.0,87,14,4854.62,0
12559.0,142,21,561.71,1
12561.0,134,16,238.85,1
12562.0,8,49,955.23,0
12564.0,93,21,456.9,1
12565.0,120,9,145.92,1
12567.0,11,276,6107.1,0
12569.0,15,49,1306.46,0
12573.0,58,28,160.54000000000002,0
12574.0,147,11,218.45,1
12576.0,50,30,421.65,0
12577.0,190,67,195.89,1
12578.0,161,70,1608.66,1
12580.0,78,24,415.7,0
12582.0,70,22,511.36,0
12583.0,3,121,3659.87,0
12584.0,17,27,622.74,0
12585.0,66,87,2040.1,0
12590.0,43,68,9864.26,0
12591.0,149,26,452.84999999999997,1
12592.0,45,9,231.8,0
12593.0,50,11,236.0,0
12594.0,15,71,1807.95,0
12596.0,74,15,269.95,0
12597.0,14,78,1428.81,0
12598.0,52,47,1285.74,0
12599.0,40,29,463.86,0
12600.0,35,31,1315.96,0
12601.0,21,28,577.0600000000001,0
12604.0,93,10,178.5,1
12609.0,17,43,800.73,0
12613.0,29,74,1462.52,0
12614.0,109,20,315.6,1
12616.0,129,11,255.6,1
12619.0,66,12,631.66,0
12620.0,36,33,561.66,0
12621.0,8,237,8039.17,0
12622.0,63,11,180.1,0
12623.0,108,18,305.1,1
12624.0,9,19,299.94,0
12625.0,43,86,2683.82,0
12626.0,148,59,1274.1,1
12633.0,28,72,1729.55,0
12637.0,71,147,2391.75,0
12639.0,70,22,486.1,0
12643.0,4,16,2142.42,0
12645.0,51,36,798.9,0
12647.0,31,72,2302.31,0
12649.0,44,17,375.0,0
12651.0,166,9,114.0,1
12652.0,163,48,919.98,1
12653.0,128,16,779.1,1
12654.0,29,22,337.75,0
12656.0,35,32,1659.6,0
12662.0,19,108,1838.08,0
12664.0,64,9,1303.5800000000002,0
12665.0,156,3,63.0,1
12668.0,91,123,2924.4700000000003,0
12669.0,80,70,2272.6,0
12670.0,31,35,1026.3899999999999,0
12672.0,161,10,225.89999999999998,1
12673.0,158,23,220.9,1
12674.0,2,37,976.8,0
12676.0,21,24,828.95,0
12678.0,19,72,5891.36,0
12679.0,37,44,906.38,0
12681.0,19,411,8754.84,0
12682.0,9,263,6062.38,0
12683.0,16,199,5086.93,0
12684.0,2,58,1379.48,0
12686.0,203,7,89.14,1
12690.0,37,16,389.01,0
12691.0,149,15,406.2,1
12693.0,43,32,630.77,0
12694.0,14,20,439.5,0
12695.0,42,6,89.25,0
12700.0,46,62,1092.43,0
12701.0,74,21,337.08,0
12704.0,1,13,329.56,0
12705.0,33,146,3164.1,0
12707.0,123,33,603.42,1
12708.0,11,98,1627.94,0
12709.0,22,99,5153.13,0
12710.0,33,44,718.96,0
12712.0,13,91,2894.88,0
12714.0,11,122,2275.18,0
12717.0,77,31,609.74,0
12720.0,1,171,2618.7,0
12721.0,14,102,1698.91,0
12724.0,5,18,280.36,0
12725.0,202,24,427.8,1
12726.0,16,67,1467.32,0
12727.0,18,109,2800.4,0
12728.0,89,33,617.31,1
12731.0,7,147,9589.67,0
12732.0,11,12,236.26000000000002,0
12733.0,65,22,383.95,0
12734.0,184,4,110.39999999999999,1
12735.0,147,43,779.5699999999999,1
12736.0,164,4,234.0,1
12738.0,203,11,155.35,1
12744.0,80,113,10262.65,0
12747.0,30,55,2091.4,0
12748.0,1,1573,11220.67,3
12749.0,45,43,859.1,0
12753.0,80,129,12940.51,0
12754.0,67,63,3010.74,0
12755.0,112,4,3811.95,1
12757.0,17,94,4445.43,0
12758.0,108,56,1570.19,1
12759.0,3,66,1082.52,0
12763.0,200,16,320.08,1
12764.0,148,45,1693.88,1
12766.0,72,187,4015.71,0
12769.0,70,32,1143.6,0
12770.0,42,12,1351.45,0
12775.0,21,52,1164.68,0
12778.0,14,31,492.06,0
12779.0,21,104,2999.41,0
12781.0,116,15,549.26,1
12782.0,85,68,1562.95,0
12785.0,196,14,311.95,1
12787.0,24,8,158.1,0
12790.0,24,21,324.92,0
12791.0,205,2,192.60000000000002,1
12792.0,88,25,400.53999999999996,1
12793.0,166,24,545.48,1
12797.0,197,13,254.03,1
12798.0,2,6,1607.04,0
12802.0,18,25,427.58,0
12808.0,16,16,281.35,0
12809.0,9,25,489.31,0
12811.0,92,31,514.85,1
12815.0,30,31,615.36,0
12816.0,8,15,318.65000000000003,0
12817.0,112,4,166.04,1
12818.0,93,14,1542.08,1
12820.0,158,11,170.46,1
12821.0,45,6,92.72,0
12823.0,86,3,994.5,1
12826.0,10,56,818.62,0
12829.0,168,11,293.0,1
12830.0,3,13,2221.84,0
12831.0,94,9,215.05,1
12834.0,114,18,312.38,1
12836.0,51,101,1661.4,0
12837.0,4,12,134.1,0
12838.0,205,59,390.79,1
12839.0,15,100,1700.37,0
12840.0,14,90,2150.77,0
12841.0,12,228,2160.9900000000002,0
12842.0,140,14,310.73,1
12843.0,9,89,1377.61,0
12845.0,99,27,354.09,1
12849.0,100,36,704.5,1
12852.0,126,17,311.55,1
12853.0,71,42,885.0,0
12854.0,73,76,810.37,0
12855.0,204,3,38.1,1
12857.0,42,46,1106.4,0
12866.0,115,26,559.12,1
12867.0,45,265,1738.54,0
12868.0,17,107,1607.0600000000002,0
12871.0,39,4,132.0,0
12872.0,158,66,599.97,1
12873.0,114,4,374.0,1
12875.0,194,1,293.76000000000005,1
12876.0,28,34,726.43,0
12877.0,9,60,958.83,0
12878.0,68,47,854.99,0
12881.0,107,7,298.0,1
12886.0,51,47,775.0,0
12888.0,45,5,354.12,0
12891.0,17,3,331.0,0
12897.0,36,4,216.5,0
12901.0,2,61,9298.460000000001,0
12902.0,96,10,138.68,1
12904.0,4,32,244.69,0
12908.0,7,2,750.0,0
12909.0,33,65,1528.37,0
12910.0,29,30,1142.5,0
12913.0,114,15,866.39,1
12915.0,204,13,199.65,1
12916.0,33,81,2312.78,0
12919.0,1,10,206.2,0
12921.0,16,299,6071.32,0
12924.0,30,15,655.27,0
12928.0,73,38,780.04,0
12929.0,143,8,117.85,1
12930.0,3,14,221.56,0
12931.0,35,14,3920.7,0
12933.0,2,49,357.49,0
12935.0,35,53,866.23,0
12937.0,29,28,428.23,0
12939.0,104,26,7228.32,1
12942.0,29,24,396.52000000000004,0
12944.0,186,14,286.95,1
12945.0,120,23,462.95,1
12947.0,13,83,1379.69,0
12948.0,46,53,886.26,0
12949.0,38,115,2250.7,0
12951.0,5,45,751.78,0
12955.0,35,34,697.42,0
12956.0,137,19,108.07,1
12957.0,18,108,1715.29,0
12963.0,197,16,365.8,1
12967.0,189,19,1660.9,1
12970.0,154,8,23.8,1
12971.0,3,152,5154.74,0
12974.0,29,8,144.8,0
12976.0,43,22,738.6,0
12980.0,8,19,6536.1,0
12982.0,74,28,390.54,0
12987.0,29,14,304.3,0
12988.0,124,92,535.32,1
12989.0,32,21,3327.94,0
12990.0,17,7,263.9,0
12993.0,39,12,175.29999999999998,0
12994.0,100,22,352.6,1
12997.0,68,33,608.47,0
12999.0,28,28,455.88,0
13000.0,91,30,458.53000000000003,1
13001.0,16,276,7845.35,0
13002.0,150,7,120.94999999999999,1
13003.0,46,4,59.050000000000004,0
13004.0,8,199,2776.82,0
13005.0,5,26,513.7,0
13008.0,155,14,229.46999999999997,1
13011.0,203,3,50.550000000000004,1
13012.0,45,35,707.39,0
13013.0,44,107,2372.29,0
13014.0,1,50,1788.78,0
13015.0,28,88,1763.04,0
13018.0,11,247,3852.9,0
13021.0,47,39,765.0,0
13026.0,52,6,243.71999999999997,0
13027.0,65,15,3840.0,0
13029.0,185,1,382.5,1
13030.0,200,60,427.74,1
13033.0,189,11,190.55,1
13034.0,201,11,165.86,1
13035.0,92,12,333.0,1
13037.0,50,33,577.32,0
13038.0,15,22,591.76,0
13043.0,105,13,516.42,1
13044.0,123,33,560.47,1
13046.0,97,14,197.72,1
13047.0,5,114,2234.08,0
13048.0,70,77,939.92,0
13049.0,149,7,153.78,1
13050.0,17,263,3459.13,0
13052.0,44,18,348.15000000000003,0
13055.0,45,22,344.86,0
13059.0,81,8,183.4,0
13060.0,85,15,307.53,1
13062.0,23,11,346.98,0
13064.0,159,9,203.3,1
13065.0,204,14,205.86,1
13068.0,151,1,165.0,1
13069.0,12,294,2909.93,0
13070.0,24,9,228.8,0
13072.0,98,7,177.15,1
13077.0,121,63,577.44,1
13078.0,12,177,4769.4,0
13080.0,11,6,58.08,0
13081.0,49,574,14463.51,0
13082.0,8,62,2245.53,0
13085.0,127,13,278.1,1
13089.0,2,1038,31687.920000000002,3
13090.0,7,61,3943.62,0
13092.0,43,21,439.75,0
13093.0,107,159,7832.47,0
13094.0,23,15,1093.0800000000002,0
13097.0,5,267,4001.86,0
13098.0,1,243,9574.22,0
13101.0,66,8,101.19,0
13102.0,5,202,4005.6,0
13104.0,99,3,213.72,1
13107.0,7,36,935.22,0
13108.0,204,10,350.06,1
13110.0,88,79,732.49,0
13113.0,7,146,9456.24,0
13115.0,15,55,878.55,0
13117.0,49,59,751.37,0
13118.0,40,48,799.7,0
13120.0,70,1,30.599999999999998,0
13121.0,100,50,283.73,1
13122.0,72,54,903.67,0
13124.0,84,150,2574.12,0
13126.0,84,66,1077.42,0
13131.0,19,14,324.9,0
13132.0,93,3,77.3,1
13133.0,105,7,109.8,1
13134.0,15,46,885.74,0
13135.0,28,1,3096.0,0
13136.0,44,30,574.46,0
13137.0,84,175,863.84,0
13138.0,72,26,386.85,0
13139.0,46,34,1170.02,0
13140.0,198,16,159.51,1
13141.0,45,89,1401.03,0
13144.0,164,3,110.95,1
13145.0,203,1,295.0,1
13148.0,64,163,1798.33,0
13149.0,121,18,376.74,1
13151.0,127,74,1257.8700000000001,1
13155.0,158,63,569.2,1
13157.0,73,25,497.94,0
13158.0,150,19,256.40999999999997,1
13161.0,145,8,112.75,1
13162.0,15,60,1305.44,0
13165.0,183,13,354.64,1
13166.0,115,41,417.2,1
13168.0,31,112,972.66,0
13169.0,84,6,505.2,1
13171.0,131,23,140.35,1
13173.0,199,23,165.94,1
13174.0,147,242,2108.27,1
13178.0,3,161,3310.93,0
13183.0,40,37,1527.0800000000002,0
13184.0,16,95,919.97,0
13185.0,99,1,71.4,1
13187.0,168,37,236.02,1
13192.0,37,33,464.32,0
13196.0,94,34,512.13,1
13198.0,81,143,2087.75,0
13199.0,4,54,4165.56,0
13203.0,74,10,165.71,0
13208.0,38,94,700.21,0
13209.0,59,146,2362.44,0
13211.0,192,2,110.7,1
13213.0,14,33,551.53,0
13216.0,99,5,333.74,1
13220.0,17,17,726.49,0
13221.0,71,66,847.41,0
13223.0,32,5,163.20000000000002,0
13225.0,28,19,3741.88,0
13226.0,105,16,108.21000000000001,1
13227.0,33,9,257.7,0
13229.0,57,10,160.95,0
13230.0,33,364,1799.48,0
13232.0,12,132,878.45,0
13233.0,168,17,304.24,1
13235.0,43,58,1031.07,0
13238.0,192,5,91.15,1
13239.0,93,21,329.56,1
13240.0,4,52,553.61,0
13242.0,45,5,104.0,0
13243.0,35,58,600.07,0
13246.0,8,115,1860.99,0
13248.0,21,21,387.46999999999997,0
13249.0,93,2,291.84000000000003,1
13253.0,170,16,476.48,1
13255.0,205,6,225.7,1
13258.0,37,15,224.62,0
13261.0,100,9,944.1,1
13262.0,95,11,200.29,1
13263.0,8,877,3790.35,3
13265.0,15,62,1465.66,0
13266.0,17,86,1826.43,0
13267.0,31,102,2210.14,0
13268.0,1,300,2150.25,0
13269.0,11,179,2360.67,0
13270.0,198,1,590.0,1
13280.0,147,78,699.36,1
13282.0,52,14,344.70000000000005,0
13283.0,17,2,25.5,0
13284.0,162,13,201.19,1
13285.0,58,82,1173.27,0
13292.0,116,14,249.57,1
13294.0,21,54,873.74,0
13295.0,191,10,201.20000000000002,1
13299.0,100,5,142.5,1
13300.0,1,20,371.89,0
13301.0,54,41,327.77,0
13304.0,183,21,300.42,1
13305.0,77,25,640.25,0
13308.0,35,26,814.95,0
13309.0,38,47,546.64,0
13310.0,38,52,817.65,0
13313.0,47,31,609.74,0
13316.0,86,11,1622.48,1
13317.0,30,68,1313.98,0
13319.0,1,264,5583.4400000000005,0
13320.0,45,36,508.61,0
13324.0,35,39,3798.99,0
13327.0,17,65,1872.3500000000001,0
13328.0,148,17,1308.48,1
13329.0,198,7,304.2,1
13330.0,17,27,728.22,0
13334.0,22,215,2731.84,0
13339.0,32,54,860.12,0
13340.0,108,51,3678.03,1
13341.0,92,42,775.85,1
13343.0,9,19,353.43,0
13344.0,109,68,1656.15,1
13345.0,119,20,389.5,1
13357.0,89,90,609.95,0
13358.0,100,29,439.03,1
13362.0,77,93,1581.53,0
13365.0,49,39,700.6,0
13368.0,88,29,623.4,1
13369.0,197,14,308.28000000000003,1
13370.0,203,39,754.87,1
13373.0,108,50,987.7,1
13376.0,35,39,770.0,0
13381.0,38,51,1071.35,0
13382.0,112,15,222.99,1
13384.0,10,54,1172.6,0
13385.0,161,35,534.57,1
13389.0,64,18,257.89,0
13391.0,35,1,59.8,0
13394.0,46,56,935.33,0
13395.0,17,21,307.72,0
13396.0,151,15,387.27000000000004,1
13397.0,14,27,980.47,0
13398.0,24,26,457.34,0
13402.0,203,17,308.28000000000003,1
13404.0,44,9,217.81,0
13405.0,35,25,557.45,0
13408.0,10,211,12167.37,0
13410.0,18,15,545.04,0
13414.0,128,1,390.0,1
13417.0,36,10,236.0,0
13418.0,36,159,3340.6,0
13420.0,2,4,55.8,0
13421.0,121,64,825.04,1
13425.0,126,27,401.57,1
13426.0,14,83,1558.68,0
13427.0,46,9,214.5,0
13435.0,20,21,443.72,0
13437.0,1,93,1661.73,0
13439.0,87,54,283.71,1
13448.0,50,71,1423.26,0
13450.0,36,21,678.54,0
13451.0,42,252,1652.3799999999999,0
13452.0,91,2,590.0,1
13453.0,121,8,185.0,1
13455.0,198,30,692.94,1
13456.0,7,20,425.06,0
13458.0,1,239,6560.86,0
13462.0,84,9,151.5,1
13466.0,15,17,307.9,0
13468.0,11,193,3693.84,0
13473.0,164,12,241.26,1
13474.0,68,64,229.59,0
13475.0,23,86,1431.78,0
13476.0,10,58,1238.47,0
13477.0,2,41,765.79,0
13479.0,32,15,300.95,0
13481.0,24,60,978.99,0
13482.0,63,11,184.64,0
13484.0,72,8,313.8,0
13485.0,65,23,454.24,0
13487.0,44,24,408.8,0
13488.0,28,247,5530.43,0
13489.0,121,7,235.68,1
13491.0,79,72,1031.63,0
13492.0,46,15,315.3,0
13493.0,106,8,618.63,1
13494.0,143,18,316.26000000000005,1
13495.0,64,28,1072.43,0
13496.0,191,26,501.01,1
13497.0,114,19,348.05,1
13499.0,57,21,463.79,0
13501.0,119,52,1340.32,1
13502.0,106,9,189.16,1
13505.0,23,96,1916.09,0
13506.0,148,26,458.52,1
13508.0,75,12,110.97,0
13509.0,86,28,650.02,1
13510.0,15,38,585.3199999999999,0
13512.0,92,15,251.21,1
13515.0,79,13,203.4,0
13516.0,70,7,146.0,0
13517.0,11,76,1101.86,0
13520.0,16,60,2091.98,0
13523.0,31,102,2369.24,0
13524.0,4,12,247.70000000000002,0
13525.0,79,2,282.88,0
13527.0,33,46,585.64,0
13529.0,36,7,181.1,0
13531.0,36,22,483.8,0
13533.0,14,76,270.79,0
13534.0,18,166,2953.08,0
13538.0,15,10,619.5,0
13539.0,72,21,315.65,0
13544.0,72,49,122.91,0
13546.0,32,27,188.16,0
13548.0,75,61,281.01,0
13549.0,24,28,512.55,0
13551.0,151,4,91.80000000000001,1
13552.0,11,61,2279.09,0
13555.0,33,55,1590.05,0
13557.0,112,16,240.68,1
13561.0,47,14,141.85999999999999,0
13562.0,77,24,603.27,0
13564.0,185,82,1198.38,1
13565.0,166,13,110.17999999999999,1
13568.0,5,44,192.85,0
13569.0,199,24,118.32,1
13570.0,75,27,239.49,0
13571.0,16,78,507.31,0
13572.0,37,33,1384.25,0
13573.0,85,3,31.770000000000003,1
13575.0,8,5,88.55,0
13576.0,7,56,3479.4500000000003,0
13577.0,73,20,356.75,0
13579.0,200,9,164.70000000000002,1
13581.0,141,10,118.0,1
13584.0,138,24,142.4,1
13588.0,86,8,113.30000000000001,1
13589.0,11,9,147.0,0
13590.0,31,39,912.03,0
13591.0,36,38,776.23,0
13592.0,37,13,205.51,0
13593.0,95,63,1022.95,1
13599.0,30,70,2005.66,0
13600.0,143,19,219.52,1
13601.0,42,42,373.2,0
13606.0,75,40,250.42,0
13610.0,19,92,474.37,0
13611.0,2,32,636.72,0
13614.0,162,9,205.75,1
13615.0,150,23,417.69,1
13617.0,12,13,131.10999999999999,0
13618.0,5,13,177.34,0
13623.0,41,64,551.92,0
13626.0,84,19,257.23,1
13627.0,8,64,1027.0,0
13629.0,5,20,3666.0,0
13630.0,2,57,1059.54,0
13631.0,9,6,1530.0,0
13632.0,5,85,814.6,0
13634.0,73,73,625.41,0
13636.0,84,35,541.45,0
13637.0,19,93,684.85,0
13642.0,47,66,354.8,0
13643.0,17,6,87.9,0
13647.0,7,33,803.86,0
13649.0,88,23,346.6,1
13650.0,39,36,745.52,0
13652.0,88,38,638.24,1
13654.0,33,68,1172.84,0
13655.0,73,21,383.65,0
13656.0,168,31,162.70000000000002,1
13657.0,33,9,152.34,0
13658.0,35,32,933.3,0
13659.0,37,104,1573.2,0
13662.0,44,35,532.94,0
13663.0,10,13,189.47,0
13666.0,119,8,64.05,1
13668.0,19,251,4060.88,0
13672.0,133,6,186.39000000000001,1
13675.0,116,15,308.44,1
13680.0,169,70,2391.59,1
13682.0,19,3,59.5,0
13684.0,117,30,67.23,1
13686.0,14,8,72.0,0
13692.0,45,32,871.58,0
13694.0,8,319,32310.9,2
13695.0,2,28,749.54,0
13700.0,8,116,1245.8,0
13703.0,150,1,99.5,1
13705.0,205,10,318.14,1
13706.0,134,20,330.79,1
13707.0,98,48,806.41,1
13708.0,103,51,296.88,1
13709.0,147,31,474.7,1
13711.0,50,13,252.06,0
13712.0,78,10,228.84,0
13715.0,112,105,1079.34,1
13716.0,101,21,138.28,1
13717.0,4,56,754.22,0
13718.0,78,12,306.55,0
13719.0,37,20,338.74,0
13720.0,10,30,552.55,0
13722.0,114,46,1463.47,1
13723.0,48,6,199.85000000000002,0
13725.0,57,88,1751.6,0
13728.0,30,31,493.93,0
13731.0,51,38,610.59,0
13735.0,7,102,1409.69,0
13736.0,92,76,357.53,1
13737.0,31,30,339.59999999999997,0
13740.0,72,23,350.75,0
13741.0,15,20,363.13,0
13742.0,10,256,2449.02,0
13743.0,49,13,353.15999999999997,0
13744.0,124,53,893.16,1
13747.0,205,1,79.6,1
13748.0,64,13,580.85,0
13750.0,3,18,991.19,0
13751.0,119,9,296.25,1
13752.0,16,63,891.53,0
13753.0,119,35,741.26,1
13754.0,149,8,156.0,1
13756.0,15,52,1711.8100000000002,0
13758.0,33,95,2351.52,0
13760.0,88,28,135.09,1
13761.0,11,32,491.71000000000004,0
13762.0,50,7,306.72,0
13764.0,169,69,499.89,1
13767.0,35,212,7241.29,0
13769.0,39,71,1448.01,0
13771.0,31,70,1464.8500000000001,0
13772.0,71,36,228.42,0
13777.0,16,100,11356.32,0
13780.0,2,9,116.28000000000002,0
13781.0,82,17,127.84,0
13782.0,66,45,361.3,0
13784.0,17,17,1028.43,0
13786.0,199,7,230.39999999999998,1
13787.0,196,7,106.4,1
13792.0,119,4,74.60000000000001,1
13798.0,4,213,24221.7,0
13799.0,126,16,341.7,1
13800.0,141,33,558.32,1
13802.0,86,48,3131.06,0
13803.0,87,17,277.07,1
13804.0,121,41,723.63,1
13807.0,198,7,112.6,1
13809.0,137,12,155.05,1
13811.0,15,13,814.5,0
13815.0,4,136,2977.75,0
13817.0,183,9,128.7,1
13819.0,133,36,1140.35,1
13821.0,93,42,270.15,1
13824.0,35,26,1232.98,0
13826.0,8,10,189.5,0
13831.0,32,58,1097.99,0
13835.0,47,21,328.45,0
13837.0,43,19,271.24,0
13838.0,201,52,238.11,1
13841.0,84,1,85.0,1
13842.0,31,112,1828.47,0
13846.0,74,43,663.9300000000001,0
13848.0,129,4,935.0,1
13849.0,2,38,593.5799999999999,0
13851.0,119,17,246.32,1
13854.0,28,71,5159.54,0
13856.0,15,10,219.0,0
13859.0,157,28,201.16,1
13862.0,19,73,1152.51,0
13863.0,79,20,305.78,0
13865.0,18,17,282.52,0
13867.0,49,8,138.85,0
13869.0,94,139,1584.96,0
13870.0,119,34,544.03,1
13871.0,38,118,2395.73,0
13873.0,50,14,230.4,0
13874.0,189,18,540.45,1
13875.0,15,58,1067.88,0
13880.0,18,72,1339.57,0
13881.0,1,82,5218.33,0
13883.0,50,94,1742.78,0
13884.0,109,10,196.25,1
13885.0,21,28,506.8,0
13887.0,35,19,349.55,0
13888.0,50,20,239.52,0
13890.0,190,11,190.35,1
13892.0,78,3,54.519999999999996,0
13893.0,129,21,821.1,1
13894.0,142,10,160.85,1
13898.0,157,12,155.93,1
13899.0,106,15,298.5,1
13900.0,14,43,740.95,0
13901.0,88,34,648.3,1
13904.0,126,17,201.12,1
13908.0,46,52,831.11,0
13911.0,28,106,1703.91,0
13917.0,23,5,65.38,0
13918.0,84,8,198.2,1
13922.0,183,7,172.25,1
13929.0,1,9,842.65,0
13931.0,112,20,378.21000000000004,1
13932.0,126,16,307.4,1
13934.0,95,31,922.1,1
13936.0,11,26,376.58,0
13939.0,143,12,184.5,1
13941.0,3,28,2831.26,0
13946.0,33,9,485.96999999999997,0
13948.0,192,3,102.0,1
13950.0,78,7,179.30999999999997,0
13951.0,7,39,674.45,0
13952.0,49,137,3251.071,0
13953.0,42,3,1750.0,0
13955.0,137,11,205.1,1
13956.0,74,57,293.67,0
13959.0,112,34,337.44,1
13962.0,77,7,117.6,0
13963.0,140,35,664.54,1
13969.0,14,192,1998.46,0
13971.0,10,67,1280.98,0
13972.0,33,9,145.9,0
13973.0,119,11,264.7,1
13975.0,47,128,961.61,0
13976.0,38,10,357.98,0
13982.0,158,52,903.8,1
13983.0,18,76,1681.06,0
13984.0,81,10,717.23,0
13985.0,16,62,1165.3,0
13988.0,32,74,1356.08,0
13989.0,70,23,896.6700000000001,0
13990.0,45,16,311.3,0
13993.0,37,69,1492.82,0
13995.0,77,17,310.45,0
13999.0,11,87,1561.8700000000001,0
14000.0,42,15,635.66,0
14001.0,64,24,1309.14,0
14004.0,5,57,1480.36,0
14005.0,7,22,331.46,0
14006.0,72,20,662.09,0
14009.0,29,42,695.61,0
14012.0,109,11,328.8,1
14013.0,107,8,118.5,1
14016.0,39,116,3364.63,0
14021.0,43,18,501.7,0
14022.0,57,28,440.0,0
14023.0,81,16,273.14,0
14030.0,75,131,1435.02,0
14031.0,27,133,7904.56,0
14032.0,38,83,1535.57,0
14035.0,99,23,700.58,1
14036.0,116,38,626.65,1
14037.0,8,28,147.20000000000002,0
14038.0,39,45,716.32,0
14040.0,15,122,1956.06,0
14041.0,98,21,141.41,1
14044.0,141,55,173.74,1
14045.0,169,5,1251.75,1
14046.0,116,14,154.99,1
14047.0,31,18,635.92,0
14048.0,137,85,409.93,1
14049.0,32,253,3058.46,0
14051.0,5,102,6369.34,0
14056.0,15,508,3695.32,0
14057.0,30,157,2676.5299999999997,0
14059.0,98,8,183.6,1
14060.0,15,100,3395.1,0
14062.0,7,75,5194.67,0
14064.0,43,32,842.16,0
14066.0,98,7,152.55,1
14068.0,151,24,265.85,1
14071.0,92,29,356.81,1
14075.0,92,18,307.92,1
14077.0,14,34,310.4,0
14078.0,16,52,827.91,0
14081.0,133,153,934.52,1
14082.0,196,29,182.25,1
14083.0,31,98,489.47,0
14085.0,6,302,2960.36,0
14088.0,1,186,15388.0,0
14090.0,156,1,76.32000000000001,1
14092.0,2,118,2077.26,0
14099.0,1,148,1725.27,0
14101.0,29,25,4159.389999999999,0
14105.0,70,74,1266.23,0
14107.0,7,90,1836.84,0
14110.0,3,70,2081.2400000000002,0
14111.0,73,2,94.2,0
14112.0,35,71,1152.5,0
14113.0,186,2,433.5,1
14114.0,105,15,386.53,1
14127.0,88,29,452.23,1
14128.0,87,22,305.54,1
14129.0,92,16,358.90000000000003,1
14130.0,150,67,483.86,1
14132.0,15,24,306.86,0
14133.0,147,16,318.0,1
14135.0,18,89,2441.46,0
14142.0,204,22,311.81,1
14145.0,49,4,1128.6,0
14146.0,86,65,1903.73,0
14147.0,117,2,182.8,1
14148.0,65,3,157.2,0
14149.0,52,28,446.62,0
14150.0,191,12,306.18,1
14152.0,65,29,314.51,0
14154.0,70,52,1345.62,0
14155.0,98,6,118.75,1
14156.0,2,620,49841.97,2
14157.0,117,39,277.17,1
14159.0,1,356,1427.3,0
14161.0,47,108,1110.52,0
14162.0,5,25,289.36,0
14163.0,31,25,749.79,0
14165.0,107,25,122.53999999999999,1
14167.0,94,27,259.0,1
14173.0,51,11,114.04,0
14175.0,3,59,1205.99,0
14176.0,129,31,576.9000000000001,1
14177.0,11,20,118.08,0
14178.0,14,29,197.37,0
14180.0,17,179,3433.62,0
14185.0,163,3,197.65,1
14188.0,46,23,760.9,0
14189.0,32,119,2156.07,0
14191.0,16,36,786.7,0
14193.0,101,23,422.53999999999996,1
14194.0,4,220,3969.16,0
14195.0,33,7,1012.0,0
14198.0,71,12,183.3,0
14199.0,50,2,185.39999999999998,0
14201.0,18,20,411.1,0
14205.0,96,14,222.9,1
14206.0,70,20,328.15999999999997,0
14209.0,45,53,1083.15,0
14210.0,29,86,1599.65,0
14211.0,39,48,909.89,0
14214.0,2,54,822.21,0
14215.0,18,62,1098.27,0
14217.0,16,50,989.25,0
14220.0,79,21,632.4,0
14221.0,21,81,1653.83,0
14222.0,8,41,683.17,0
14223.0,95,18,304.9,1
14224.0,47,81,495.32,0
14226.0,42,42,1709.4,0
14227.0,28,134,2399.52,0
14229.0,123,26,762.13,1
14231.0,15,50,925.71,0
14232.0,18,61,1003.97,0
14233.0,43,20,959.1,0
14235.0,58,47,1264.55,0
14236.0,203,3,189.3,1
14237.0,205,9,161.0,1
14238.0,158,8,146.85,1
14239.0,32,67,1295.04,0
14240.0,57,10,226.85,0
14241.0,15,10,213.70000000000002,0
14242.0,66,16,280.55,0
14243.0,8,98,1776.16,0
14245.0,51,108,1693.45,0
14246.0,77,24,449.64,0
14247.0,110,20,136.76999999999998,1
14248.0,150,8,302.58,1
14256.0,92,53,969.0600000000001,1
14257.0,16,56,1030.59,0
14258.0,31,67,7607.82,0
14262.0,72,16,240.0,0
14264.0,77,5,115.7,0
14267.0,92,30,836.36,1
14270.0,163,29,492.65000000000003,1
14271.0,57,10,112.32,0
14272.0,86,8,132.09,1
14273.0,49,12,218.7,0
14276.0,12,43,720.4,0
14277.0,44,75,1637.43,0
14280.0,28,8,134.04,0
14282.0,8,75,2023.38,0
14285.0,8,1,5.9,0
14286.0,74,141,2050.08,0
14287.0,30,4,83.28,0
14288.0,45,16,426.6,0
14289.0,8,38,723.52,0
14290.0,193,23,777.5600000000001,1
14291.0,4,120,2030.22,0
14292.0,35,42,1125.21,0
14293.0,136,22,508.02000000000004,1
14297.0,106,11,232.6,1
14298.0,22,908,30493.99,3
14299.0,150,24,1565.94,1
14304.0,54,17,383.45,0
14307.0,51,107,1694.98,0
14309.0,14,59,1132.56,0
14311.0,74,20,310.26,0
14312.0,18,49,854.59,0
14315.0,23,37,856.2,0
14320.0,38,31,477.79,0
14321.0,8,58,626.93,0
14323.0,70,19,299.82,0
14326.0,74,8,183.85,0
14329.0,105,114,2125.6,1
14334.0,35,105,1678.23,0
14336.0,30,59,1114.39,0
14338.0,28,30,579.97,0
14339.0,74,14,309.52,0
14340.0,50,6,134.7,0
14341.0,47,45,703.15,0
14342.0,42,7,309.6,0
14344.0,38,45,645.88,0
14346.0,129,17,262.44,1
14348.0,91,18,409.57,1
14350.0,106,18,282.93,1
14352.0,66,38,845.32,0
14353.0,46,6,90.6,0
14355.0,197,11,174.4,1
14364.0,1,37,2492.4,0
14367.0,16,273,4145.52,0
14368.0,151,8,155.0,1
14371.0,126,4,100.5,1
14373.0,189,4,76.55,1
14375.0,17,75,257.68,0
14377.0,23,11,617.05,0
14379.0,127,17,110.98,1
14386.0,128,7,142.4,1
14388.0,34,69,1173.19,0
14389.0,22,19,311.14,0
14390.0,42,104,1036.08,0
14393.0,49,5,67.95,0
14395.0,9,186,1966.22,0
14396.0,203,34,110.35000000000001,1
14397.0,3,18,379.04,0
14401.0,1,47,1282.72,0
14403.0,48,17,976.01,0
14404.0,1,74,1038.28,0
14407.0,37,35,1002.6800000000001,0
14408.0,3,50,1215.32,0
14409.0,150,13,666.1,1
14410.0,38,108,778.8,0
14411.0,142,14,1063.0,1
14413.0,194,23,122.7,1
14414.0,190,8,217.2,1
14415.0,14,277,2759.32,0
14419.0,84,58,307.56,0
14421.0,43,15,455.18,0
14422.0,2,61,1032.15,0
14423.0,50,3,265.2,0
14426.0,10,140,2209.93,0
14428.0,71,28,330.62,0
14431.0,134,17,470.36,1
14437.0,197,5,63.0,1
14438.0,138,9,131.9,1
14439.0,151,32,2661.24,1
14440.0,148,31,1185.71,1
14441.0,87,13,356.84000000000003,1
14442.0,36,63,1589.82,0
14443.0,142,39,608.4,1
14446.0,78,83,303.04,0
14447.0,28,39,601.03,0
14448.0,195,18,102.35000000000001,1
14449.0,78,107,401.3,0
14450.0,12,40,483.25,0
14451.0,26,52,360.0,0
14453.0,22,22,119.93,0
14457.0,142,4,113.64,1
14460.0,3,10,276.53999999999996,0
14461.0,10,166,1746.22,0
14462.0,17,149,1140.72,0
14463.0,2,4,309.42,0
14465.0,78,130,1058.6200000000001,0
14466.0,18,35,1345.7,0
14467.0,144,15,131.7,1
14470.0,119,35,297.64,1
14472.0,19,224,1529.6299999999999,0
14473.0,114,1,85.0,1
14475.0,18,28,622.17,0
14476.0,88,19,215.7,1
14477.0,16,3,523.0,0
14479.0,85,18,316.25,1
14481.0,119,12,302.86,1
14482.0,70,15,238.1,0
14483.0,113,9,137.1,1
14487.0,200,13,125.10000000000001,1
14489.0,39,30,463.38,0
14491.0,7,17,340.93,0
14496.0,143,19,538.8100000000001,1
14497.0,140,29,475.37,1
14498.0,18,28,313.24,0
14499.0,110,44,126.02000000000001,1
14500.0,21,5,284.85,0
14501.0,15,10,251.21,0
14502.0,66,237,1070.23,0
14503.0,10,40,597.07,0
14504.0,74,96,542.71,0
14505.0,36,406,3192.76,0
14506.0,115,88,566.86,1
14507.0,47,55,615.31,0
14512.0,19,23,275.28,0
14513.0,38,11,317.35,0
14514.0,33,39,403.11,0
14515.0,23,30,765.65,0
14520.0,122,1,165.0,1
14522.0,29,7,278.63,0
14524.0,10,142,1052.72,0
14525.0,17,147,2032.94,0
14527.0,2,464,3793.27,0
14530.0,17,111,1560.84,0
14532.0,68,64,932.85,0
14533.0,184,10,433.5,1
14534.0,1,272,2283.59,0
14535.0,80,95,853.97,0
14536.0,91,19,171.8,1
14538.0,88,3,106.5,1
14540.0,141,11,195.9,1
14541.0,45,101,1013.75,0
14542.0,17,5,103.25,0
14543.0,3,56,2802.7999999999997,0
14544.0,193,57,1121.92,1
14546.0,33,142,874.88,0
14548.0,149,2,326.4,1
14549.0,143,56,289.24,1
14551.0,35,7,125.43,0
14553.0,50,39,312.32,0
14555.0,133,16,197.94,1
14560.0,27,37,1232.0,0
14561.0,16,16,222.07,0
14562.0,14,106,1131.49,0
14565.0,37,78,1877.55,0
14570.0,112,29,218.06,1
14572.0,85,105,1077.93,0
14573.0,11,235,1653.42,0
14576.0,203,1,35.400000000000006,1
14577.0,64,62,468.01,0
14583.0,17,113,314.33,0
14584.0,14,86,828.81,0
14586.0,108,19,237.36,1
14587.0,16,363,1473.53,0
14589.0,203,3,39.75,1
14591.0,45,45,250.22,0
14593.0,30,64,339.59,0
14594.0,205,31,255.0,1
14595.0,145,5,163.8,1
14597.0,23,3,165.1,0
14600.0,137,25,393.33000000000004,1
14603.0,106,2,660.0,1
14606.0,2,1538,7572.56,3
14607.0,93,3,495.0,1
14608.0,194,1,204.0,1
14609.0,9,2,295.2,0
14616.0,74,3,406.08000000000004,0
14618.0,169,5,211.8,1
14619.0,77,20,394.44,0
14620.0,37,26,412.78000000000003,0
14621.0,19,33,636.3100000000001,0
14622.0,16,21,320.58000000000004,0
14623.0,18,73,397.86,0
14625.0,27,53,899.63,0
14626.0,65,29,586.9,0
14628.0,74,12,331.58000000000004,0
14631.0,66,25,630.08,0
14632.0,94,8,114.56,1
14633.0,97,20,344.90000000000003,1
14636.0,100,16,300.19,1
14639.0,123,70,1235.13,1
14640.0,1,44,819.75,0
14643.0,2,31,693.8100000000001,0
14644.0,130,8,187.50000000000003,1
14645.0,107,9,240.10000000000002,1
14646.0,4,934,121973.65,2
14647.0,33,30,243.22,0
14649.0,44,49,584.22,0
14651.0,42,60,416.32,0
14653.0,170,29,344.81,1
14655.0,54,14,810.56,0
14656.0,1,80,291.05,0
14657.0,113,76,524.4,1
14659.0,19,129,1381.76,0
14662.0,66,92,524.86,0
14665.0,128,41,731.66,1
14667.0,3,338,4810.83,0
14669.0,73,170,1269.99,0
14670.0,112,132,411.53,1
14672.0,66,61,765.55,0
14673.0,199,15,373.49,1
14676.0,38,17,1148.52,0
14680.0,10,160,15510.130000000001,0
14681.0,43,5,393.95,0
14682.0,19,2,52.0,0
14684.0,47,189,519.26,0
14688.0,11,194,2931.22,0
14689.0,40,13,112.8,0
14691.0,44,17,439.6,0
14692.0,67,54,480.3,0
14693.0,96,8,172.9,1
14696.0,19,67,1171.39,0
14697.0,49,22,188.60999999999999,0
14699.0,46,8,109.13000000000001,0
14700.0,21,77,1557.6,0
14701.0,4,238,1958.28,0
14702.0,112,118,1222.15,1
14704.0,12,30,110.12,0
14705.0,30,1,179.0,0
14708.0,200,12,419.06,1
14709.0,19,85,1943.04,0
14711.0,17,205,1603.99,0
14713.0,18,189,1449.6399999999999,0
14715.0,130,22,247.45,1
14719.0,11,77,488.12,0
14723.0,189,90,471.0,1
14727.0,106,10,268.58,1
14729.0,205,71,313.49,1
14730.0,10,158,767.07,0
14731.0,37,30,251.01999999999998,0
14732.0,18,80,1283.2,0
14733.0,2,170,8349.06,0
14735.0,8,97,2886.41,0
14737.0,185,8,434.0,1
14738.0,30,25,525.69,0
14739.0,51,24,1307.6200000000001,0
14740.0,28,89,1448.21,0
14741.0,193,19,495.3,1
14744.0,129,17,928.03,1
14745.0,16,31,581.67,0
14747.0,81,18,328.2,0
14748.0,44,51,771.13,0
14754.0,127,15,228.26999999999998,1
14755.0,7,118,2239.28,0
14758.0,37,57,1206.94,0
14759.0,64,35,572.25,0
14760.0,128,5,89.2,1
14761.0,166,7,97.5,1
14762.0,95,21,300.52,1
14765.0,7,7,80.5,0
14766.0,45,67,1166.21,0
14769.0,33,615,5837.35,0
14770.0,64,52,876.42,0
14775.0,203,20,406.56,1
14776.0,3,68,1469.16,0
14778.0,140,18,334.05,1
14779.0,112,41,386.15,1
14782.0,151,6,200.10000000000002,1
14784.0,155,4,114.68,1
14790.0,85,10,152.16,1
14794.0,35,40,679.54,0
14796.0,4,587,4018.56,0
14798.0,142,6,75.68,1
14800.0,23,287,3394.06,0
14803.0,107,19,730.79,1
14805.0,145,19,109.25,1
14808.0,4,85,679.62,0
14810.0,30,170,1278.7,0
14813.0,201,30,155.43,1
14816.0,29,4,271.85,0
14817.0,32,63,1110.34,0
14818.0,1,25,409.63,0
14819.0,24,3,84.72,0
14820.0,5,8,139.77,0
14821.0,198,2,48.800000000000004,1
14823.0,12,70,321.43,0
14825.0,35,67,1025.8700000000001,0
14828.0,28,17,2139.76,0
14829.0,16,34,531.63,0
14834.0,72,11,243.69,0
14837.0,33,30,492.26,0
14840.0,99,4,62.85,1
14841.0,11,106,2375.57,0
14842.0,23,78,1688.48,0
14844.0,8,66,1543.35,0
14849.0,7,172,3397.65,0
14850.0,143,21,325.75,1
14851.0,88,14,206.13,1
14852.0,9,58,1208.25,0
14853.0,43,3,214.5,0
14854.0,1,96,1918.18,0
14859.0,36,11,296.86,0
14865.0,203,3,37.2,1
14866.0,198,1,103.67999999999999,1
14867.0,17,36,710.28,0
14868.0,65,24,439.33,0
14870.0,93,13,327.25,1
14871.0,10,62,354.75,0
14873.0,42,28,519.68,0
14875.0,94,5,362.0,1
14878.0,5,81,1083.02,0
14880.0,17,26,363.27,0
14883.0,43,19,310.56,0
14886.0,84,18,364.8,1
14888.0,39,20,369.2,0
14889.0,168,10,135.9,1
14890.0,85,7,125.65,1
14891.0,19,27,449.38,0
14895.0,14,216,4729.76,0
14896.0,36,43,468.77000000000004,0
14897.0,128,10,175.5,1
14898.0,72,24,610.93,0
14901.0,192,38,497.04999999999995,1
14903.0,32,207,1800.23,0
14905.0,65,9,308.55,0
14907.0,192,47,960.69,1
14911.0,1,1872,47199.15,3
14912.0,78,14,482.78999999999996,0
14913.0,15,62,917.15,0
14915.0,109,8,142.28,1
14916.0,155,15,295.05,1
14920.0,44,57,977.77,0
14921.0,33,53,903.01,0
14924.0,77,10,310.05,0
14930.0,106,62,1104.13,1
14931.0,37,10,586.0,0
14932.0,197,17,363.53,1
14934.0,114,39,828.84,1
14935.0,129,10,1784.71,1
14936.0,7,162,3636.39,0
14944.0,18,67,1832.03,0
14948.0,51,13,278.4,0
14952.0,38,87,3534.61,0
14957.0,84,12,58.49,1
14958.0,16,34,392.28,0
14959.0,47,45,422.38,0
14960.0,3,2,88.3,0
14961.0,63,142,3179.66,0
14962.0,102,5,126.7,1
14963.0,15,38,294.2,0
14964.0,79,13,206.21,0
14970.0,84,12,782.25,1
14973.0,57,5,654.6,0
14976.0,27,46,450.26,0
14978.0,67,178,1537.28,0
14981.0,78,8,102.12,0
14984.0,12,17,110.17999999999999,0
14985.0,30,87,296.75,0
14987.0,197,2,163.2,1
14988.0,43,40,334.54,0
14995.0,112,37,119.31,1
14997.0,9,9,155.28,0
14998.0,1,75,429.87,0
15002.0,128,75,1147.5900000000001,1
15005.0,9,566,3240.98,0
15012.0,205,54,191.06,1
15014.0,7,3,117.72999999999999,0
15016.0,4,20,170.04,0
15018.0,84,17,291.34000000000003,1
15019.0,98,70,266.0,1
15021.0,7,240,903.23,0
15023.0,50,278,2857.73,0
15024.0,128,62,688.09,1
15026.0,72,26,230.78,0
15027.0,51,14,654.12,0
15028.0,200,14,185.97,1
15030.0,99,3,152.76,1
15031.0,114,24,150.83,1
15032.0,88,52,4959.1,0
15033.0,40,178,1169.14,0
15034.0,64,185,2664.83,0
15036.0,9,59,245.69,0
15038.0,19,110,517.45,0
15039.0,3,1039,15220.960000000001,3
15041.0,1,67,180.35,0
15042.0,30,5,135.93,0
15044.0,8,264,5048.07,0
15045.0,89,4,388.9,1
15046.0,5,129,2920.2599999999998,0
15047.0,101,22,343.62,1
15048.0,52,61,256.45,0
15049.0,105,3,121.17000000000002,1
15052.0,150,30,215.78,1
15053.0,113,20,222.65,1
15057.0,107,25,1489.5,1
15058.0,14,156,1011.31,0
15059.0,2,141,732.93,0
15061.0,3,259,32220.04,2
15062.0,49,45,814.04,0
15063.0,45,5,370.79999999999995,0
15065.0,59,72,1406.4,0
15067.0,114,35,848.05,1
15068.0,88,39,239.95999999999998,1
15069.0,11,70,1109.53,0
15070.0,204,1,106.2,1
15071.0,107,12,588.6700000000001,1
15073.0,17,44,861.96,0
15076.0,4,49,880.85,0
15078.0,22,201,4184.16,0
15079.0,44,47,895.61,0
15081.0,40,17,248.05,0
15083.0,88,5,88.2,1
15087.0,113,15,306.94,1
15090.0,140,23,381.32,1
15092.0,47,26,457.81,0
15093.0,38,82,3396.68,0
15095.0,35,29,770.5,0
15098.0,13,3,39916.5,2
15100.0,165,3,876.0,1
15101.0,191,4,102.28,1
15104.0,28,69,1027.44,0
15106.0,43,53,778.45,0
15107.0,143,16,319.5,1
15108.0,17,31,623.45,0
15109.0,77,28,484.95,0
15110.0,150,9,169.65,1
15111.0,204,16,288.5,1
15114.0,14,71,1027.25,0
15116.0,36,15,479.65,0
15117.0,47,8,312.4,0
15119.0,77,14,266.4,0
15121.0,120,18,295.15,1
15122.0,35,46,930.61,0
15123.0,38,53,1069.47,0
15124.0,23,9,90.75,0
15125.0,3,89,8380.18,0
15128.0,51,33,483.7,0
15129.0,8,58,1801.33,0
15130.0,1,22,330.11,0
15132.0,31,25,489.87,0
15133.0,89,17,657.9,1
15134.0,9,24,411.08,0
15135.0,70,9,139.05,0
15139.0,71,13,178.96,0
15140.0,30,39,1127.45,0
15143.0,57,14,259.45,0
15144.0,49,52,1695.02,0
15145.0,58,41,724.03,0
15146.0,123,63,834.22,1
15147.0,71,28,623.5,0
15150.0,18,94,1318.07,0
15152.0,18,43,756.1,0
15157.0,190,54,1085.46,1
15159.0,3,210,6145.59,0
15160.0,189,4,158.16,1
15163.0,24,10,155.0,0
15164.0,40,56,368.18,0
15165.0,205,27,487.75,1
15167.0,152,41,163.0,1
15171.0,162,5,1289.5,1
15172.0,28,38,526.2,0
15174.0,154,11,135.75,1
15178.0,92,3,40.5,1
15179.0,65,46,1455.12,0
15180.0,199,6,87.5,1
15181.0,7,10,434.99999999999994,0
15182.0,100,16,370.48,1
15184.0,22,20,235.23000000000002,0
15187.0,44,9,431.6,0
15189.0,3,89,5915.99,0
15192.0,22,40,737.99,0
15194.0,2,192,4067.51,0
15197.0,84,15,773.25,1
15199.0,67,6,657.15,0
15201.0,35,38,602.27,0
15203.0,29,56,692.9,0
15204.0,189,9,316.58,1
15206.0,107,1,17.700000000000003,1
15208.0,185,3,65.4,1
15210.0,56,20,331.18,0
15211.0,196,23,383.07,1
15212.0,73,5,101.8,0
15213.0,150,24,328.35,1
15214.0,15,46,651.63,0
15218.0,10,84,2447.6,0
15219.0,7,9,305.75,0
15220.0,1,61,946.81,0
15221.0,198,5,403.25,1
15222.0,150,5,585.0,1
15223.0,57,20,755.75,0
15224.0,190,14,322.08,1
15225.0,66,23,409.40000000000003,0
15226.0,142,8,154.41,1
15227.0,47,43,876.8199999999999,0
15228.0,1,43,1253.45,0
15230.0,71,23,429.6,0
15234.0,108,14,197.0,1
15235.0,49,143,2247.51,0
15236.0,130,15,321.05,1
15237.0,35,76,1093.65,0
15238.0,15,14,300.14,0
15240.0,23,42,1045.38,0
15241.0,15,70,1065.36,0
15244.0,80,15,297.94,0
15245.0,19,65,1737.72,0
15246.0,70,33,514.15,0
15249.0,28,144,2841.37,0
15251.0,10,58,5489.2,0
15252.0,15,14,300.55,0
15253.0,1,12,173.85,0
15257.0,115,7,317.15,1
15258.0,49,16,315.66,0
15260.0,18,54,1270.48,0
15262.0,155,10,178.95000000000002,1
15265.0,67,42,712.24,0
15266.0,170,6,119.3,1
15267.0,14,5,1035.76,0
15270.0,70,28,1313.75,0
15271.0,11,72,910.7,0
15279.0,186,19,290.51,1
15280.0,3,16,113.12,0
15281.0,29,114,1927.41,0
15288.0,32,69,1624.0,0
15289.0,81,19,375.45,0
15290.0,35,77,2032.57,0
15291.0,4,83,3306.27,0
15292.0,33,25,180.94,0
15296.0,7,113,2091.49,0
15298.0,19,90,1777.2,0
15299.0,95,4,2435.01,1
15301.0,4,126,2813.11,0
15303.0,122,31,574.02,1
15304.0,50,12,381.6,0
15308.0,106,19,310.47,1
15311.0,3,1315,36253.45,3
15312.0,47,29,607.9,0
15314.0,31,24,327.97,0
15316.0,158,1,165.0,1
15319.0,115,16,204.5,1
15321.0,123,38,1159.47,1
15326.0,165,29,311.71,1
15329.0,3,16,309.1,0
15332.0,198,35,1661.06,1
15333.0,40,16,1028.56,0
15334.0,5,29,114.5,0
15339.0,150,41,257.9,1
15346.0,164,17,252.42000000000002,1
15347.0,198,5,201.60000000000002,1
15349.0,18,60,366.11,0
15350.0,205,5,115.65,1
15351.0,201,51,274.67,1
15353.0,86,63,777.02,0
15356.0,7,345,1607.57,0
15358.0,10,309,4776.95,0
15361.0,193,7,418.92,1
15363.0,204,16,326.0,1
15364.0,86,3,331.80000000000007,1
15365.0,147,12,208.61,1
15366.0,189,8,105.54,1
15367.0,77,65,1416.18,0
15370.0,35,51,1127.94,0
15373.0,5,92,1520.3,0
15376.0,54,59,654.17,0
15379.0,1,194,3703.29,0
15380.0,197,1,230.10000000000002,1
15381.0,45,8,596.85,0
15382.0,16,130,2127.12,0
15384.0,1,41,642.41,0
15386.0,18,31,394.14,0
15388.0,102,10,140.54,1
15389.0,3,1,500.0,0
15392.0,191,19,338.98,1
15393.0,112,8,124.10000000000001,1
15394.0,36,54,1436.44,0
15395.0,157,7,107.45,1
15397.0,121,6,94.0,1
15400.0,16,7,458.8,0
15402.0,28,28,440.99,0
15405.0,21,8,349.1,0
15406.0,132,43,252.29,1
15407.0,15,62,740.73,0
15408.0,96,34,267.18,1
15410.0,4,78,2361.9300000000003,0
15411.0,14,10,156.4,0
15412.0,3,10,190.53,0
15414.0,74,5,36.2,0
15415.0,145,48,572.8100000000001,1
15416.0,71,107,2274.43,0
15421.0,47,41,739.36,0
15422.0,154,6,97.7,1
15424.0,86,17,383.34,1
15426.0,88,120,662.98,0
15433.0,45,41,533.3,0
15434.0,32,12,306.96,0
15436.0,65,130,489.05,0
15437.0,94,45,200.16,1
15440.0,40,20,125.8,0
15442.0,80,2,594.0,0
15443.0,152,51,437.71,1
15445.0,96,5,113.5,1
15447.0,162,9,155.17,1
15448.0,144,28,494.64,1
15449.0,16,40,647.7,0
15452.0,96,43,247.25,1
15453.0,19,41,197.09,0
15454.0,194,25,179.1,1
15456.0,115,60,447.22,1
15457.0,93,58,237.07,1
15460.0,185,58,216.76,1
15462.0,18,5,105.0,0
15464.0,169,157,1048.85,1
15465.0,12,64,5352.509999999999,0
15482.0,82,14,1437.44,0
15483.0,98,54,114.85,1
15485.0,167,43,1278.63,1
15489.0,43,23,348.26,0
15491.0,11,129,2409.95,0
15493.0,81,143,951.25,0
15497.0,151,10,970.6,1
15498.0,3,328,7838.45,0
15502.0,107,83,2640.46,1
15503.0,194,70,147.09,1
15507.0,3,46,492.36,0
15508.0,20,92,1000.27,0
15510.0,162,1,250.0,1
15512.0,191,6,101.2,1
15513.0,7,162,7094.8,0
15514.0,57,108,2561.94,0
15517.0,65,27,267.03,0
15518.0,47,108,987.57,0
15521.0,44,123,1667.78,0
15525.0,205,57,313.93,1
15527.0,14,71,1147.29,0
15528.0,85,26,229.33,1
15529.0,42,296,1932.21,0
15530.0,78,54,553.13,0
15532.0,189,50,356.35,1
15535.0,4,75,536.4,0
15543.0,120,28,127.86,1
15544.0,5,153,2077.4900000000002,0
15545.0,202,31,135.32999999999998,1
15547.0,25,288,2404.53,0
15549.0,147,61,942.1,1
15550.0,1,29,279.03999999999996,0
15552.0,49,17,90.12,0
15554.0,109,14,217.2,1
15555.0,7,343,2121.99,0
15561.0,47,7,265.75,0
15562.0,183,1,134.55,1
15563.0,32,62,735.62,0
15569.0,164,7,288.5,1
15570.0,38,224,2525.42,0
15572.0,80,92,876.04,0
15574.0,9,168,702.25,0
15577.0,137,4,29.65,1
15579.0,145,26,199.6,1
15581.0,4,124,653.84,0
15582.0,52,22,303.61,0
15585.0,8,31,455.3,0
15587.0,183,3,344.88,1
15589.0,87,29,478.53000000000003,1
15594.0,66,15,267.91,0
15596.0,46,75,1389.69,0
15599.0,36,29,448.83,0
15601.0,2,310,5123.4,0
15602.0,32,17,542.95,0
15605.0,84,39,690.1800000000001,0
15606.0,2,57,2136.16,0
15607.0,168,13,104.76,1
15609.0,16,16,298.48,0
15611.0,9,12,486.01,0
15615.0,15,203,5221.96,0
15620.0,52,60,875.01,0
15622.0,29,138,2602.0,0
15624.0,38,18,311.4,0
15625.0,11,46,945.27,0
15626.0,161,20,281.88,1
15628.0,14,58,1005.12,0
15630.0,36,21,396.86,0
15632.0,13,73,1556.66,0
15636.0,114,8,306.7,1
15640.0,16,250,6780.22,0
15641.0,92,82,1305.38,1
15643.0,23,33,664.0,0
15644.0,87,112,423.19,0
15646.0,78,28,340.04,0
15648.0,35,25,657.35,0
15649.0,168,2,816.0,1
15651.0,92,16,227.32,1
15655.0,75,34,560.67,0
15656.0,10,35,563.63,0
15658.0,22,48,1024.1000000000001,0
15660.0,36,41,739.02,0
15661.0,149,5,309.8,1
15665.0,75,77,1476.22,0
15668.0,49,1,76.32000000000001,0
15669.0,7,25,434.74,0
15670.0,128,12,173.05,1
15671.0,74,50,1033.13,0
15673.0,46,99,1785.73,0
15674.0,45,60,1379.66,0
15675.0,112,3,45.0,1
15676.0,115,61,897.8,1
15679.0,14,13,178.22,0
15680.0,198,30,478.89,1
15681.0,14,32,703.22,0
15687.0,18,97,1679.45,0
15689.0,193,6,103.5,1
15691.0,84,2,136.8,1
15694.0,7,40,3305.78,0
15695.0,98,22,409.98,1
15696.0,52,104,1637.9,0
15700.0,3,86,696.68,0
15703.0,96,5,211.5,1
15704.0,19,74,1507.32,0
15705.0,32,6,143.1,0
15708.0,54,191,2068.3,0
15709.0,115,6,133.25,1
15712.0,14,27,458.65000000000003,0
15713.0,198,9,171.15,1
15716.0,33,93,902.44,0
15717.0,66,7,150.3,0
15719.0,10,530,2773.12,0
15722.0,19,34,770.65,0
15723.0,196,41,203.1,1
15724.0,33,11,218.25,0
15727.0,30,159,3250.87,0
15729.0,44,5,85.0,0
15730.0,38,29,467.43,0
15732.0,44,14,294.12,0
15733.0,114,10,162.3,1
15734.0,32,11,578.6500000000001,0
15737.0,17,44,729.73,0
15738.0,15,107,2929.06,0
15743.0,16,18,322.55,0
15745.0,68,18,302.85,0
15747.0,4,19,242.65,0
15749.0,67,10,44534.3,2
15750.0,2,133,1109.83,0
15752.0,81,158,1045.18,0
15753.0,136,1,79.2,1
15754.0,78,6,91.8,0
15755.0,67,37,620.73,0
15756.0,45,87,249.12,0
15757.0,49,16,261.36,0
15759.0,50,7,253.04,0
15764.0,16,92,1694.52,0
15768.0,35,18,479.15,0
15769.0,4,61,30765.72,0
15775.0,77,7,104.9,0
15777.0,72,21,1047.11,0
15780.0,15,29,475.28000000000003,0
15781.0,137,5,83.35,1
15785.0,29,45,1330.4,0
15789.0,190,25,351.3,1
15791.0,36,54,1223.24,0
15793.0,100,3,306.64,1
15796.0,19,69,1249.92,0
15797.0,45,7,1840.2,0
15799.0,16,37,481.24,0
15800.0,78,14,244.5,0
15804.0,2,62,1125.39,0
15805.0,7,163,2997.75,0
15806.0,108,16,300.36,1
15808.0,138,208,3734.9700000000003,1
15809.0,15,27,399.21,0
15810.0,2,87,1361.19,0
15811.0,37,74,1294.84,0
15812.0,20,32,1054.22,0
15813.0,39,40,1303.9099999999999,0
15815.0,44,19,1394.08,0
15819.0,31,77,1177.14,0
15820.0,151,17,206.98,1
15822.0,191,16,440.2,1
15823.0,204,1,15.0,1
15825.0,4,20,532.94,0
15826.0,42,28,720.0,0
15827.0,15,70,1115.67,0
15831.0,156,17,309.94,1
15832.0,85,54,836.79,0
15834.0,108,166,1281.37,1
15835.0,92,26,488.31,1
15838.0,10,68,9249.36,0
15840.0,4,17,241.74,0
15841.0,50,24,613.26,0
15843.0,135,8,118.95000000000002,1
15845.0,11,72,1963.34,0
15847.0,119,9,180.68,1
15852.0,18,22,160.71,0
15854.0,4,92,2037.69,0
15855.0,15,59,474.69,0
15856.0,13,220,7673.91,0
15858.0,121,102,816.22,1
15860.0,64,53,420.26,0
15861.0,98,115,722.48,1
15862.0,36,87,491.01,0
15863.0,24,2,9.2,0
15864.0,8,7,414.26,0
15865.0,45,16,313.93,0
15867.0,14,260,2057.77,0
15869.0,108,15,149.64,1
15874.0,9,87,2207.75,0
15880.0,201,105,343.28000000000003,1
15881.0,143,29,501.39000000000004,1
15882.0,30,23,516.36,0
15885.0,140,1,15.0,1
15889.0,201,66,297.92,1
15891.0,58,62,524.52,0
15894.0,85,41,263.55,0
15897.0,26,24,222.05,0
15898.0,58,74,1002.99,0
15899.0,200,4,56.25,1
15903.0,59,26,641.6400000000001,0
15906.0,51,64,683.16,0
15907.0,8,123,529.52,0
15909.0,5,7,191.94,0
15910.0,38,135,550.61,0
15912.0,10,19,264.62,0
15916.0,23,70,848.53,0
15917.0,79,12,123.1,0
15918.0,22,40,334.23,0
15919.0,200,49,270.72,1
15921.0,4,25,336.03000000000003,0
15922.0,205,11,369.5,1
15923.0,204,21,127.08,1
15925.0,25,12,207.15,0
15932.0,46,51,1273.25,0
15935.0,71,12,416.86,0
15938.0,33,13,335.3,0
15939.0,12,62,5219.87,0
15940.0,142,1,35.8,1
15944.0,108,6,325.1,1
15945.0,197,2,181.0,1
15950.0,191,29,428.82000000000005,1
15951.0,117,22,375.16999999999996,1
15952.0,57,14,232.65,0
15953.0,43,39,826.14,0
15955.0,35,52,1445.6200000000001,0
15965.0,199,16,156.19,1
15967.0,150,35,173.8,1
15969.0,17,10,308.7,0
15970.0,135,11,314.1,1
15971.0,74,11,1086.15,0
15973.0,198,4,307.82000000000005,1
15974.0,16,105,2054.85,0
15976.0,51,50,209.99,0
15980.0,86,20,760.18,1
15981.0,42,34,1622.2,0
15983.0,192,81,1148.27,1
15984.0,65,73,782.08,0
15985.0,68,27,899.58,0
15987.0,31,13,516.08,0
15990.0,118,23,401.37,1
15996.0,95,80,655.27,1
15998.0,3,342,2112.06,0
16003.0,191,20,1181.0,1
16005.0,14,93,298.08,0
16006.0,43,8,101.4,0
16007.0,12,160,733.45,0
16008.0,36,6,139.15,0
16010.0,77,86,407.5,0
16011.0,8,112,1369.71,0
16013.0,4,38,15321.32,0
16014.0,122,62,262.93,1
16016.0,28,126,817.57,0
16018.0,12,15,161.9,0
16019.0,64,79,2489.5,0
16022.0,92,76,628.28,1
16023.0,24,65,500.69,0
16027.0,7,10,625.37,0
16029.0,14,110,36746.26,2
16030.0,141,29,331.24,1
16031.0,79,39,305.63,0
16033.0,32,387,3277.67,0
16034.0,27,22,437.7,0
16036.0,95,11,188.73,1
16037.0,101,39,855.02,1
16038.0,9,23,393.33,0
16040.0,100,22,422.43,1
16042.0,164,2,24.95,1
16043.0,43,31,676.49,0
16045.0,77,54,861.25,0
16048.0,204,8,256.44,1
16050.0,5,10,137.9,0
16055.0,52,8,134.8,0
16057.0,43,60,1059.54,0
16059.0,86,97,647.7,0
16062.0,73,26,578.18,0
16063.0,92,23,335.32,1
16065.0,197,74,372.09,1
16072.0,120,23,584.3199999999999,1
16073.0,128,1,122.39999999999999,1
16076.0,40,16,305.45000000000005,0
16078.0,115,1,79.2,1
16080.0,106,5,130.26,1
16081.0,17,63,992.37,0
16083.0,192,17,337.98,1
16084.0,130,38,436.18,1
16085.0,68,57,325.04,0
16086.0,31,23,587.0600000000001,0
16091.0,30,10,157.25,0
16092.0,28,37,593.73,0
16094.0,51,16,252.1,0
16096.0,96,12,320.62,1
16097.0,72,10,185.04999999999998,0
16098.0,16,34,1222.22,0
16099.0,57,19,318.3,0
16103.0,18,29,805.26,0
16105.0,80,13,336.96,0
16107.0,14,10,532.9,0
16109.0,50,18,611.88,0
16110.0,94,200,693.93,0
16112.0,164,10,136.14,1
16113.0,14,30,161.38,0
16114.0,2,8,135.75000000000003,0
16115.0,12,127,658.66,0
16116.0,43,34,612.78,0
16117.0,21,30,232.21,0
16121.0,47,74,287.89,0
16122.0,164,19,249.84,1
16124.0,149,11,249.0,1
16125.0,198,13,289.35,1
16126.0,16,42,1844.0,0
16128.0,114,20,388.3,1
16131.0,38,35,1664.52,0
16133.0,17,118,6791.37,0
16134.0,191,16,283.53000000000003,1
16135.0,94,21,517.55,1
16136.0,109,8,159.3,1
16139.0,38,6,139.79999999999998,0
16140.0,203,7,124.14,1
16142.0,81,37,535.34,0
16143.0,44,72,1574.17,0
16144.0,78,1,175.2,0
16145.0,8,93,1647.72,0
16146.0,35,28,659.13,0
16148.0,128,1,76.32000000000001,1
16150.0,102,55,964.48,1
16152.0,100,29,1829.04,1
16153.0,17,38,700.1,0
16156.0,37,49,1060.57,0
16159.0,113,14,348.2,1
16161.0,29,233,2288.1,0
16162.0,84,2,37.4,1
16163.0,64,6,856.6,0
16168.0,18,37,1395.31,0
16170.0,15,59,944.87,0
16172.0,7,38,551.35,0
16175.0,36,28,466.98,0
16180.0,2,91,4327.28,0
16182.0,35,10,2517.0,0
16184.0,14,19,447.89,0
16185.0,64,19,335.0,0
16186.0,20,80,1347.35,0
16187.0,1,159,3475.62,0
16188.0,58,39,565.77,0
16191.0,94,47,2615.68,1
16193.0,68,19,314.45,0
16202.0,192,18,365.27,1
16203.0,59,20,318.3,0
16205.0,11,27,112.35,0
16206.0,40,41,288.75,0
16208.0,121,40,497.59,1
16209.0,11,30,1904.26,0
16210.0,44,63,10593.210000000001,0
16212.0,115,30,498.15000000000003,1
16214.0,2,44,1062.75,0
16216.0,98,37,914.9300000000001,1
16217.0,67,15,304.25,0
16218.0,38,54,1728.76,0
16221.0,107,32,315.37,1
16222.0,150,137,846.72,1
16224.0,72,44,543.21,0
16225.0,8,72,600.5600000000001,0
16226.0,35,8,255.12,0
16227.0,57,6,314.22,0
16229.0,44,12,358.2,0
16230.0,21,35,542.03,0
16232.0,47,19,366.47,0
16233.0,161,9,326.5,1
16235.0,18,36,665.29,0
16239.0,21,15,347.9,0
16241.0,9,262,1007.78,0
16242.0,46,44,392.9,0
16244.0,43,91,1522.75,0
16245.0,88,30,453.98,1
16247.0,2,16,114.56,0
16249.0,33,27,1020.53,0
16250.0,93,24,389.44,1
16253.0,87,53,1700.4,0
16255.0,78,110,1061.67,0
16256.0,98,13,752.4300000000001,1
16257.0,8,2,46.95,0
16258.0,1,56,1833.46,0
16261.0,77,56,254.96,0
16265.0,92,140,2875.14,0
16266.0,7,33,488.84,0
16270.0,185,54,1141.24,1
16271.0,189,16,133.22,1
16274.0,204,67,357.95,1
16275.0,28,33,559.87,0
16276.0,8,6,810.6000000000001,0
16279.0,8,16,359.08000000000004,0
16282.0,171,11,168.3,1
16283.0,40,36,277.81,0
16287.0,1,8,142.5,0
16293.0,39,61,1129.74,0
16297.0,100,20,301.9,1
16298.0,18,7,114.3,0
16303.0,165,35,827.1800000000001,1
16306.0,45,41,632.27,0
16308.0,49,2,960.0,0
16309.0,72,21,334.2,0
16315.0,162,14,226.37,1
16316.0,38,91,1829.1100000000001,0
16317.0,129,30,570.76,1
16319.0,49,3,404.40000000000003,0
16320.0,4,56,1038.46,0
16321.0,137,8,223.65,1
16323.0,28,1,207.50000000000003,0
16324.0,9,51,166.56,0
16325.0,77,5,190.82000000000002,0
16326.0,5,89,918.58,0
16327.0,31,210,2469.64,0
16332.0,137,11,122.3,1
16333.0,24,33,13087.2,0
16339.0,116,20,109.95,1
16341.0,33,29,797.65,0
16342.0,11,7,136.95,0
16348.0,22,110,583.3199999999999,0
16349.0,122,9,53.5,1
16350.0,165,22,376.7,1
16351.0,164,8,153.9,1
16353.0,49,39,2155.28,0
16356.0,29,31,211.77,0
16357.0,45,7,137.9,0
16358.0,16,22,462.15000000000003,0
16359.0,7,51,1246.83,0
16365.0,84,10,489.35999999999996,1
16367.0,194,37,170.91,1
16369.0,28,15,354.45,0
16370.0,14,109,546.58,0
16374.0,94,27,156.3,1
16377.0,98,5,676.2,1
16378.0,79,23,362.95,0
16383.0,100,53,309.46,1
16384.0,95,24,409.1,1
16385.0,198,21,148.23000000000002,1
16386.0,85,4,61.10000000000001,1
16387.0,154,4,94.36,1
16389.0,37,16,670.17,0
16392.0,101,45,221.19,1
16393.0,17,120,972.84,0
16394.0,3,60,933.1,0
16395.0,155,60,450.56,1
16398.0,85,63,1169.95,0
16399.0,67,31,178.41,0
16401.0,42,64,1661.8899999999999,0
16402.0,96,60,299.6,1
16403.0,144,10,177.5,1
16405.0,134,5,167.25,1
16407.0,26,62,794.74,0
16409.0,73,118,803.5600000000001,0
16411.0,201,21,131.5,1
16414.0,112,3,50.8,1
16418.0,57,18,145.91,0
16419.0,107,24,516.9300000000001,1
16422.0,2,219,21047.82,0
16424.0,23,5,133.56,0
16425.0,134,21,302.7,1
16426.0,107,11,328.37,1
16427.0,94,9,241.06,1
16431.0,45,83,642.81,0
16434.0,24,41,724.22,0
16440.0,46,35,272.46,0
16441.0,122,13,211.0,1
16442.0,59,102,437.03,0
16444.0,26,45,240.08,0
16446.0,37,2,2.9,0
16448.0,29,20,188.89000000000001,0
16449.0,29,40,707.69,0
16455.0,36,59,1133.78,0
16456.0,59,85,1576.6100000000001,0
16457.0,50,9,208.36,0
16458.0,2,93,1527.7,0
16461.0,9,33,151.42,0
16462.0,17,2,68.0,0
16463.0,36,19,319.37,0
16466.0,12,48,522.84,0
16469.0,78,69,276.88,0
16470.0,24,59,345.66,0
16471.0,106,13,223.95000000000002,1
16473.0,119,13,217.81,1
16475.0,105,20,310.0,1
16477.0,46,97,1552.51,0
16483.0,24,19,139.35,0
16484.0,5,25,404.3,0
16493.0,5,34,782.29,0
16494.0,128,50,826.53,1
16495.0,107,33,246.51,1
16496.0,39,71,1185.04,0
16497.0,35,87,1550.7,0
16499.0,192,19,365.45,1
16500.0,162,1,165.0,1
16503.0,45,67,1093.39,0
16509.0,128,13,363.7,1
16510.0,204,13,248.1,1
16511.0,98,62,340.75,1
16515.0,78,53,622.33,0
16517.0,109,17,162.7,1
16518.0,115,11,190.7,1
16519.0,197,5,103.7,1
16520.0,18,156,1046.57,0
16523.0,9,118,3227.6,0
16525.0,16,112,8187.11,0
16526.0,3,15,290.36,0
16529.0,21,30,455.25,0
16531.0,126,31,484.83,1
16532.0,170,1,1910.4,1
16539.0,51,38,1053.61,0
16546.0,122,25,787.15,1
16549.0,166,33,119.49000000000001,1
16550.0,17,158,1426.33,0
16551.0,168,11,311.07,1
16552.0,74,17,379.73,0
16553.0,37,77,4731.18,0
16554.0,54,21,314.11,0
16556.0,33,103,1638.82,0
16558.0,7,227,3755.76,0
16560.0,190,20,332.18,1
16565.0,196,3,173.7,1
16566.0,2,9,463.88,0
16567.0,26,35,865.6,0
16570.0,36,54,1473.23,0
16571.0,8,59,896.79,0
16572.0,107,21,342.58,1
16573.0,122,16,292.63,1
16581.0,14,9,105.84,0
16583.0,205,14,233.45,1
16584.0,86,14,611.94,1
16586.0,80,8,463.95,0
16587.0,63,13,225.15,0
16592.0,15,83,1520.98,0
16593.0,21,21,255.5,0
16596.0,197,6,120.65,1
16598.0,117,10,145.04999999999998,1
16600.0,84,18,237.46,1
16607.0,39,72,1717.06,0
16609.0,29,110,1987.6200000000001,0
16610.0,51,6,75.66,0
16611.0,17,10,129.49,0
16612.0,18,42,708.9,0
16614.0,14,26,506.19,0
16617.0,67,5,151.85,0
16618.0,42,54,1441.29,0
16619.0,95,14,226.21,1
16620.0,92,5,95.75999999999999,1
16621.0,47,17,490.7,0
16623.0,77,5,129.45,0
16624.0,29,21,426.43,0
16625.0,106,23,333.08,1
16626.0,2,82,1587.04,0
16628.0,49,38,712.91,0
16633.0,12,41,703.32,0
16634.0,54,9,217.9,0
16637.0,57,16,303.62,0
16638.0,88,61,1211.44,0
16639.0,38,20,471.15000000000003,0
16642.0,39,15,307.73,0
16643.0,77,27,487.51,0
16644.0,9,62,833.78,0
16647.0,1,14,214.06,0
16652.0,44,46,3054.62,0
16654.0,19,24,537.25,0
16655.0,17,58,1230.7,0
16656.0,24,31,3557.48,0
16657.0,86,76,242.55,0
16658.0,200,8,123.24,1
16659.0,21,2,39.12,0
16660.0,42,5,384.36,0
16665.0,194,9,135.39999999999998,1
16667.0,116,21,203.35,1
16668.0,14,11,196.74,0
16670.0,4,160,2548.76,0
16672.0,8,73,4639.74,0
16676.0,45,64,1098.5,0
16678.0,29,69,1266.65,0
16679.0,198,3,129.75,1
16681.0,36,25,875.84,0
16682.0,19,11,525.5,0
16684.0,37,131,25075.94,0
16686.0,26,274,1229.57,0
16690.0,33,5,86.5,0
16692.0,88,3,1276.0,1
16693.0,103,22,157.56,1
16696.0,35,9,558.9000000000001,0
16697.0,72,21,112.75,0
16698.0,58,5,1998.0,0
16700.0,11,205,3342.65,0
16701.0,5,69,2571.79,0
16705.0,39,106,6608.49,0
16709.0,31,50,1984.5900000000001,0
16710.0,38,267,1637.64,0
16711.0,134,3,598.8000000000001,1
16712.0,10,219,1598.15,0
16713.0,4,317,3141.3,0
16714.0,50,93,1161.53,0
16716.0,98,2,901.2,1
16717.0,4,33,605.69,0
16718.0,201,45,623.75,1
16719.0,67,107,978.23,0
16721.0,93,37,292.47,1
16722.0,15,104,2253.46,0
16725.0,133,151,781.02,1
16726.0,28,102,795.19,0
16727.0,196,46,272.82,1
16728.0,68,94,326.93,0
16729.0,8,289,3491.19,0
16730.0,66,37,480.94,0
16735.0,71,68,1097.92,0
16738.0,129,1,3.75,1
16739.0,8,13,323.0,0
16743.0,43,84,1061.75,0
16744.0,5,29,109.96,0
16745.0,10,260,4369.53,0
16746.0,25,212,2889.18,0
16748.0,49,34,910.2,0
16750.0,63,10,118.7,0
16752.0,204,9,207.5,1
16754.0,203,2,2002.4,1
16755.0,58,83,908.47,0
16756.0,46,13,239.4,0
16757.0,150,7,106.83000000000001,1
16763.0,30,23,611.85,0
16765.0,125,1,34.0,1
16766.0,105,34,1145.6,1
16767.0,14,109,3048.2400000000002,0
16768.0,103,23,183.25,1
16769.0,92,40,380.39,1
16770.0,68,104,656.48,0
16771.0,107,176,1655.95,1
16774.0,10,13,143.4,0
16775.0,37,52,691.8,0
16777.0,89,39,177.25,1
16778.0,106,5,93.18,1
16779.0,7,178,4649.38,0
16780.0,90,15,161.89,1
16781.0,204,17,311.25,1
16782.0,36,142,1348.3,0
16788.0,86,68,297.17,0
16791.0,45,113,576.15,0
16792.0,114,12,110.38000000000001,1
16794.0,11,59,278.06,0
16795.0,197,66,414.88,1
16801.0,24,72,1478.88,0
16804.0,101,19,118.05,1
16805.0,5,98,460.59,0
16806.0,1,57,541.56,0
16807.0,47,37,651.83,0
16808.0,105,19,166.5,1
16809.0,40,65,343.08,0
16810.0,23,15,309.54,0
16812.0,192,15,479.35,1
16813.0,5,176,463.41,0
16814.0,8,230,4470.01,0
16816.0,144,20,325.45,1
16817.0,17,60,1179.43,0
16818.0,14,72,1193.17,0
16823.0,59,38,358.38,0
16825.0,17,11,318.7,0
16832.0,15,12,199.15,0
16833.0,91,32,671.29,1
16834.0,59,24,413.46,0
16835.0,204,5,81.75,1
16837.0,29,86,1814.74,0
16838.0,29,25,588.85,0
16839.0,3,138,7747.41,0
16841.0,2,74,1243.24,0
16842.0,134,30,520.5699999999999,1
16843.0,8,175,5741.92,0
16849.0,18,8,124.57,0
16850.0,165,19,332.41,1
16852.0,7,7,113.06,0
16858.0,200,10,375.69000000000005,1
16859.0,93,18,259.84,1
16863.0,198,9,164.25,1
16869.0,7,36,233.53,0
16871.0,42,106,2037.82,0
16872.0,16,3,388.36,0
16873.0,29,122,3233.45,0
16875.0,128,46,805.09,1
16877.0,39,26,77.75,0
16880.0,5,56,421.06,0
16882.0,71,15,215.70000000000002,0
16883.0,19,38,276.73,0
16885.0,188,30,190.65,1
16889.0,26,135,1578.67,0
16891.0,203,69,232.26,1
16892.0,15,20,102.97999999999999,0
16893.0,198,45,145.93,1
16897.0,131,37,289.78,1
16898.0,9,103,319.46999999999997,0
16899.0,38,41,347.55,0
16904.0,9,345,1624.28,0
16905.0,68,63,853.93,0
16906.0,18,42,394.94,0
16907.0,66,100,584.0,0
16912.0,39,49,1165.66,0
16913.0,122,8,113.44,1
16915.0,80,26,166.79,0
16916.0,204,50,198.08,1
16917.0,108,9,391.52,1
16918.0,148,31,275.78,1
16919.0,10,300,2380.71,0
16923.0,5,355,4007.02,0
16926.0,203,14,230.25,1
16927.0,108,5,341.45,1
16928.0,10,102,1282.91,0
16931.0,5,442,2087.34,0
16933.0,71,20,224.73,0
16938.0,11,220,2410.75,0
16940.0,1,186,1868.36,0
16942.0,8,145,1077.9,0
16943.0,43,33,816.73,0
16945.0,33,111,1773.68,0
16947.0,67,21,406.48,0
16948.0,93,10,240.54000000000002,1
16949.0,17,32,893.75,0
16950.0,199,3,172.0,1
16951.0,136,70,1053.79,1
16954.0,86,32,941.48,1
16955.0,16,25,518.67,0
16957.0,71,16,416.64,0
16960.0,84,45,201.53,0
16963.0,19,7,110.55000000000001,0
16965.0,58,26,201.19,0
16966.0,2,22,1486.56,0
16967.0,21,21,319.02,0
16969.0,23,27,397.36,0
16976.0,98,2,251.51999999999998,1
16979.0,129,11,347.15,1
16980.0,86,87,1078.96,0
16983.0,12,61,885.22,0
16985.0,43,66,2915.36,0
16987.0,1,42,629.45,0
16990.0,50,1,179.0,0
16992.0,31,41,671.15,0
16996.0,77,19,700.8800000000001,0
16997.0,119,12,702.0,1
16998.0,36,3,287.1,0
17001.0,4,98,2210.39,0
17002.0,47,30,993.52,0
17007.0,33,26,462.73,0
17015.0,17,121,524.5,0
17017.0,36,148,4493.82,0
17018.0,157,6,405.0,1
17019.0,93,158,995.93,0
17025.0,204,5,160.97,1
17026.0,17,4,154.82999999999998,0
17027.0,11,128,655.88,0
17029.0,68,1,358.0,0
17033.0,45,14,608.1,0
17034.0,119,6,141.79999999999998,1
17035.0,77,28,433.53000000000003,0
17041.0,192,17,304.5,1
17042.0,28,56,495.39,0
17043.0,10,27,324.96999999999997,0
17045.0,79,1,39.95,0
17047.0,36,43,749.4300000000001,0
17048.0,114,38,760.4,1
17049.0,46,73,1581.8,0
17050.0,19,286,2660.59,0
17051.0,26,43,247.14000000000001,0
17054.0,39,54,918.82,0
17058.0,31,49,819.66,0
17059.0,29,241,1510.67,0
17060.0,98,5,234.24,1
17061.0,24,51,3250.23,0
17062.0,145,70,538.37,1
17063.0,121,20,319.37,1
17064.0,14,43,461.3,0
17068.0,21,160,2648.85,0
17069.0,58,55,1073.07,0
17071.0,19,70,1044.02,0
17075.0,85,62,696.07,0
17076.0,105,14,334.2,1
17080.0,101,1,76.32000000000001,1
17082.0,150,24,636.94,1
17083.0,127,34,996.02,1
17085.0,82,142,1218.9,0
17088.0,14,77,1399.1100000000001,0
17090.0,59,17,649.05,0
17091.0,17,111,1994.41,0
17092.0,109,10,134.9,1
17094.0,154,14,302.0,1
17095.0,131,34,543.96,1
17096.0,93,9,133.49,1
17097.0,156,63,287.64,1
17101.0,10,17,230.57999999999998,0
17102.0,93,1,25.5,1
17105.0,138,38,319.4,1
17107.0,40,169,4118.81,0
17109.0,63,53,464.59000000000003,0
17114.0,40,70,446.09,0
17115.0,14,32,612.82,0
17117.0,120,9,116.19999999999999,1
17118.0,149,10,157.02,1
17120.0,65,18,307.46,0
17124.0,17,32,298.89,0
17126.0,131,124,515.27,1
17128.0,166,14,157.09,1
17133.0,22,14,2478.79,0
17134.0,96,20,330.5,1
17135.0,121,21,500.55,1
17138.0,107,24,380.5,1
17139.0,7,242,5594.87,0
17140.0,79,20,465.32,0
17142.0,70,15,579.0,0
17146.0,95,33,563.88,1
17147.0,38,46,973.11,0
17152.0,26,14,1689.5,0
17155.0,9,9,143.3,0
17157.0,8,8,161.46,0
17158.0,64,39,698.55,0
17159.0,3,30,528.45,0
17160.0,57,80,1205.07,0
17162.0,22,72,1165.28,0
17164.0,44,57,943.22,0
17165.0,115,10,158.68,1
17166.0,35,10,127.59,0
17169.0,15,18,308.68,0
17171.0,120,16,224.91,1
17174.0,49,4,59.9,0
17175.0,12,40,821.7,0
17176.0,33,15,306.13,0
17179.0,9,80,711.79,0
17180.0,72,97,564.86,0
17181.0,205,2,155.52,1
17187.0,58,10,203.95,0
17188.0,147,36,1424.44,1
17189.0,190,38,227.22,1
17190.0,38,1,195.0,0
17191.0,23,145,1175.7,0
17193.0,8,8,448.56000000000006,0
17194.0,105,29,262.62,1
17198.0,197,77,521.66,1
17204.0,7,57,1564.56,0
17211.0,12,141,1464.89,0
17212.0,84,4,226.85,1
17213.0,148,49,936.95,1
17214.0,80,68,613.67,0
17217.0,65,9,113.5,0
17218.0,45,138,948.58,0
17220.0,38,189,1464.78,0
17223.0,141,49,426.79,1
17226.0,140,21,393.49,1
17227.0,4,22,473.75,0
17228.0,39,82,687.58,0
17230.0,95,69,3638.41,1
17231.0,21,298,1733.45,0
17234.0,14,14,149.89000000000001,0
17235.0,204,10,341.9,1
17236.0,10,73,697.73,0
17238.0,16,259,1548.19,0
17239.0,144,15,382.5,1
17242.0,12,29,709.44,0
17243.0,10,169,3297.1,0
17245.0,36,9,171.45,0
17250.0,92,23,162.65,1
17251.0,194,39,283.28000000000003,1
17252.0,17,86,341.96,0
17255.0,131,38,112.46,1
17256.0,144,12,127.89999999999999,1
17259.0,200,87,381.64,1
17262.0,58,10,955.3600000000001,0
17263.0,40,23,63.440000000000005,0
17265.0,12,77,384.09000000000003,0
17268.0,75,2,276.48,0
17272.0,31,79,1409.44,0
17277.0,59,69,1065.3500000000001,0
17278.0,73,15,246.04,0
17282.0,5,89,1016.41,0
17284.0,9,206,1112.64,0
17287.0,37,46,500.34,0
17288.0,39,26,663.7,0
17289.0,12,34,167.35999999999999,0
17291.0,140,1,550.8000000000001,1
17293.0,139,25,469.35,1
17299.0,4,18,151.63,0
17302.0,40,35,303.12,0
17303.0,193,53,250.04,1
17306.0,7,33,4474.64,0
17311.0,148,24,556.46,1
17314.0,1,57,1304.05,0
17315.0,23,227,2902.4,0
17320.0,68,48,910.1,0
17323.0,47,70,297.37,0
17324.0,163,17,702.23,1
17325.0,112,6,96.8,1
17329.0,146,16,243.36,1
17334.0,134,11,307.02,1
17337.0,42,541,1994.92,0
17338.0,36,369,3643.25,0
17339.0,197,4,60.0,1
17340.0,24,190,5802.81,0
17341.0,198,161,513.6,1
17343.0,187,17,193.64,1
17345.0,28,22,128.33,0
17346.0,10,228,1112.19,0
17348.0,129,36,160.15,1
17349.0,11,9,110.75,0
17351.0,104,3,198.6,1
17356.0,143,19,178.22,1
17358.0,134,59,365.85,1
17360.0,15,60,330.95,0
17361.0,18,17,263.92,0
17362.0,71,35,312.23,0
17364.0,36,194,2101.85,0
17365.0,1,255,2371.01,0
17367.0,70,34,168.4,0
17368.0,5,66,1614.87,0
17370.0,1,8,110.69999999999999,0
17371.0,193,8,97.63,1
17372.0,15,161,874.0600000000001,0
17373.0,144,17,145.25,1
17374.0,50,28,495.77,0
17375.0,30,69,400.1,0
17376.0,143,13,105.85,1
17377.0,5,119,1730.69,0
17381.0,11,78,14331.97,0
17384.0,50,3,227.65,0
17388.0,43,2,763.2,0
17389.0,1,76,5443.1,0
17392.0,138,62,457.91,1
17394.0,51,4,203.86999999999998,0
17396.0,203,3,397.5,1
17398.0,42,31,528.45,0
17400.0,41,110,1312.52,0
17402.0,15,36,1010.65,0
17404.0,43,91,13853.62,0
17406.0,165,113,2200.42,1
17409.0,16,13,771.85,0
17410.0,47,15,302.4,0
17411.0,93,16,285.58,1
17412.0,28,35,709.82,0
17414.0,16,5,598.0,0
17416.0,7,148,4385.75,0
17418.0,155,12,167.39000000000001,1
17419.0,81,102,2045.8,0
17420.0,3,21,391.51,0
17422.0,12,66,1003.11,0
17423.0,49,11,449.42,0
17426.0,7,169,3279.23,0
17428.0,4,220,8610.64,0
17429.0,17,28,376.14,0
17430.0,197,5,112.6,1
17431.0,145,43,403.3,1
17436.0,58,4,122.39999999999999,0
17438.0,85,17,388.45000000000005,1
17440.0,79,3,124.62,0
17442.0,52,50,814.8299999999999,0
17443.0,51,1,534.24,0
17444.0,4,57,1171.46,0
17446.0,8,9,120.9,0
17449.0,66,169,1322.69,0
17450.0,7,130,61165.74,2
17454.0,24,61,517.53,0
17455.0,35,8,131.7,0
17456.0,197,17,249.86,1
17457.0,36,11,1397.6399999999999,0
17460.0,57,22,462.58000000000004,0
17462.0,115,14,463.40999999999997,1
17463.0,8,126,1245.64,0
17469.0,36,14,305.36,0
17470.0,49,42,623.11,0
17472.0,23,181,710.29,0
17483.0,14,7,155.10000000000002,0
17486.0,93,24,396.87,1
17489.0,44,16,208.56,0
17490.0,8,18,305.2,0
17491.0,16,38,1324.8600000000001,0
17492.0,80,12,374.57,0
17496.0,190,10,271.05,1
17499.0,121,40,622.88,1
17501.0,52,18,288.6,0
17504.0,38,127,2997.0299999999997,0
17505.0,37,26,486.99,0
17507.0,93,88,605.58,1
17508.0,112,22,387.31,1
17511.0,9,450,40165.840000000004,2
17512.0,31,47,1302.42,0
17515.0,38,77,571.37,0
17516.0,49,90,455.21,0
17517.0,140,11,153.94,1
17519.0,5,54,1156.1,0
17521.0,31,8,159.56,0
17522.0,15,59,787.54,0
17524.0,193,6,145.0,1
17525.0,191,9,422.70000000000005,1
17526.0,122,10,872.8,1
17527.0,50,7,292.11,0
17530.0,37,259,1367.86,0
17531.0,21,14,296.7,0
17535.0,112,13,164.4,1
17536.0,9,3,76.5,0
17537.0,135,61,630.7,1
17540.0,148,8,268.8,1
17542.0,101,25,170.75,1
17548.0,65,5,103.3,0
17550.0,29,42,267.16,0
17551.0,191,43,306.84,1
17552.0,203,13,298.52,1
17555.0,166,49,195.45,1
17556.0,37,6,157.9,0
17560.0,35,17,486.05,0
17562.0,5,21,300.1,0
17567.0,65,100,1873.97,0
17569.0,164,29,344.14,1
17571.0,109,46,359.95,1
17572.0,70,8,152.20000000000002,0
17574.0,74,8,185.65,0
17576.0,14,182,1734.89,0
17578.0,49,5,143.45999999999998,0
17579.0,11,11,164.41,0
17580.0,84,45,215.72,0
17581.0,9,195,4743.49,0
17582.0,68,29,175.27,0
17585.0,2,135,813.52,0
17588.0,3,12,702.24,0
17589.0,19,126,1211.42,0
17591.0,35,151,1649.5700000000002,0
17593.0,184,26,662.9,1
17594.0,86,14,315.0,1
17596.0,22,120,1288.86,0
17597.0,45,55,2044.3700000000001,0
17601.0,70,9,116.00999999999999,0
17602.0,155,103,767.0500000000001,1
17604.0,49,63,309.36,0
17609.0,133,119,537.6899999999999,1
17611.0,1,424,2136.82,0
17612.0,46,47,665.75,0
17613.0,1,232,2835.36,0
17615.0,35,11,272.3,0
17616.0,5,3,571.1999999999999,0
17618.0,80,66,666.78,0
17619.0,144,77,218.52,1
17621.0,144,15,901.78,1
17624.0,49,25,400.3,0
17625.0,89,95,549.68,0
17629.0,3,67,715.13,0
17630.0,1,26,503.59999999999997,0
17631.0,64,21,302.55,0
17634.0,44,172,1814.67,0
17639.0,108,7,108.5,1
17642.0,8,26,395.3,0
17643.0,205,8,101.55,1
17644.0,10,61,954.32,0
17646.0,51,51,1008.39,0
17648.0,24,65,1107.39,0
17651.0,1,46,705.0,0
17652.0,1,134,2349.43,0
17654.0,109,22,117.55,1
17655.0,41,47,1602.7,0
17658.0,43,9,317.59999999999997,0
17659.0,1,55,1142.87,0
17663.0,30,38,790.8100000000001,0
17664.0,44,23,326.19,0
17667.0,43,77,1356.67,0
17669.0,2,41,2064.72,0
17670.0,59,11,205.7,0
17671.0,42,28,786.73,0
17672.0,141,41,1177.8400000000001,1
17673.0,18,149,1067.25,0
17674.0,200,11,300.66,1
17675.0,10,246,8301.41,0
17676.0,198,15,300.7,1
17677.0,7,139,7338.34,0
17678.0,95,16,298.11,1
17682.0,24,54,1107.41,0
17685.0,98,55,1512.72,1
17686.0,32,141,3036.75,0
17690.0,18,161,3063.93,0
17691.0,189,19,290.40000000000003,1
17692.0,58,39,623.46,0
17695.0,3,18,353.6,0
17696.0,17,36,837.59,0
17697.0,67,19,338.95,0
17698.0,92,8,154.95,1
17700.0,45,64,1125.57,0
17701.0,84,24,417.95,1
17702.0,37,30,439.8,0
17704.0,71,16,387.29,0
17705.0,47,25,357.3,0
17706.0,19,77,1191.27,0
17707.0,17,5,152.4,0
17708.0,19,35,267.08,0
17709.0,1,7,137.45,0
17711.0,121,13,220.53000000000003,1
17714.0,152,10,153.0,1
17715.0,32,1,326.4,0
17716.0,8,127,2626.94,0
17718.0,64,6,139.35,0
17719.0,11,124,2282.86,0
17720.0,57,17,532.38,0
17722.0,21,94,2100.88,0
17723.0,4,8,1823.9,0
17725.0,11,84,1580.1100000000001,0
17730.0,17,93,2031.4,0
17731.0,15,32,662.5699999999999,0
17732.0,204,18,303.97,1
17733.0,93,12,216.95000000000002,1
17734.0,65,9,112.97999999999999,0
17735.0,19,352,6121.16,0
17738.0,113,41,779.92,1
17739.0,28,18,1070.77,0
17742.0,164,13,302.57,1
17744.0,82,62,1288.96,0
17746.0,72,6,110.25,0
17749.0,9,35,674.52,0
17752.0,190,1,80.64,1
17754.0,92,28,264.24,1
17757.0,3,328,2637.54,0
17758.0,39,131,1054.83,0
17759.0,1,18,167.15,0
17760.0,205,9,172.54,1
17763.0,95,1,15.0,1
17764.0,42,19,261.97,0
17765.0,42,44,262.55,0
17769.0,5,155,1508.88,0
17770.0,30,38,1143.27,0
17771.0,155,22,115.8,1
17774.0,81,66,594.99,0
17775.0,86,3,56.4,1
17781.0,84,2,102.0,1
17783.0,79,30,112.41,0
17786.0,149,28,114.85,1
17787.0,136,119,1716.17,1
17789.0,113,14,225.9,1
17790.0,30,70,897.01,0
17795.0,11,46,350.39,0
17796.0,145,78,622.0,1
17797.0,14,44,272.41,0
17799.0,1,257,1968.37,0
17800.0,49,26,354.85,0
17802.0,12,75,632.4200000000001,0
17809.0,4,21,2740.7000000000003,0
17811.0,19,382,4065.53,0
17812.0,199,33,217.54999999999998,1
17816.0,101,11,21.31,1
17817.0,108,13,269.7,1
17819.0,14,46,3468.47,0
17827.0,73,156,1583.81,0
17828.0,2,45,863.16,0
17829.0,130,30,889.24,1
17830.0,93,16,287.65000000000003,1
17838.0,124,77,1687.7,1
17841.0,2,2549,13944.57,3
17843.0,134,37,205.48,1
17848.0,80,26,388.37,0
17849.0,50,26,605.8000000000001,0
17850.0,203,297,5391.21,1
17854.0,16,15,311.26,0
17855.0,204,17,208.97,1
17856.0,65,9,1142.63,0
17857.0,4,20,9715.28,0
17858.0,92,45,2619.7999999999997,1
17859.0,136,25,148.21,1
17860.0,200,58,252.8,1
17861.0,85,42,457.98,0
17862.0,155,11,330.9,1
17863.0,86,66,1371.9,0
17864.0,107,32,208.41,1
17865.0,7,168,4263.66,0
17867.0,34,5,604.0500000000001,0
17869.0,47,28,310.96,0
17870.0,198,1,326.4,1
17871.0,36,10,155.9,0
17873.0,16,37,1587.1200000000001,0
17874.0,17,46,683.46,0
17877.0,2,12,237.61,0
17879.0,5,6,178.51999999999998,0
17880.0,196,26,458.92,1
17881.0,135,8,133.35000000000002,1
17883.0,77,19,119.35,0
17884.0,143,93,602.84,1
17886.0,42,47,396.26,0
17888.0,44,24,178.78,0
17889.0,43,21,203.87,0
17890.0,154,94,602.09,1
17893.0,57,16,112.25,0
17894.0,117,144,867.85,1
17897.0,4,114,566.6,0
17898.0,38,20,99.84,0
17900.0,22,6,112.19999999999999,0
17905.0,183,28,394.15,1
17906.0,78,12,72.9,0
17908.0,205,58,243.28,1
17912.0,142,38,311.01,1
17913.0,187,31,218.05,1
17917.0,87,65,230.46,0
17920.0,31,142,1573.59,0
17921.0,98,44,280.57,1
17923.0,114,1,207.50000000000003,1
17924.0,133,3,502.20000000000005,1
17925.0,204,1,244.08,1
17926.0,35,11,211.73000000000002,0
17928.0,77,17,78.25999999999999,0
17929.0,86,3,435.0,1
17930.0,70,5,390.6,0
17931.0,87,50,297.2,1
17932.0,5,64,934.51,0
17937.0,89,29,3327.48,1
17940.0,49,12,3461.94,0
17946.0,64,20,149.57999999999998,0
17949.0,21,16,10632.0,0
17950.0,197,39,263.17,1
17951.0,190,9,409.50000000000006,1
17954.0,16,283,1518.14,0
17955.0,30,19,557.3,0
17956.0,81,1,12.75,1
17960.0,3,26,73.78,0
17961.0,1,183,968.45,0
17964.0,204,35,261.76,1
17965.0,84,151,1330.03,0
17966.0,16,12,283.5,0
17967.0,203,48,123.07,1
17968.0,205,85,277.35,1
17969.0,192,7,125.2,1
17970.0,42,31,582.59,0
17972.0,73,31,136.04,0
17974.0,51,21,172.77,0
17975.0,24,144,2781.12,0
17976.0,204,65,353.19,1
17978.0,197,12,300.91999999999996,1
17979.0,91,59,241.67,1
17980.0,36,26,562.75,0
17987.0,17,13,198.57,0
17988.0,158,13,64.99000000000001,1
17990.0,68,29,630.84,0
17991.0,56,5,93.35,0
17994.0,21,76,557.78,0
17995.0,113,2,76.1,1
17999.0,198,38,190.34,1
18004.0,194,40,169.47,1
18008.0,34,27,2065.41,0
18009.0,67,32,257.34,0
18010.0,88,14,174.8,1
18011.0,204,28,102.78999999999999,1
18016.0,18,58,488.76,0
18017.0,142,1,165.0,1
18018.0,31,2,37.45,0
18032.0,165,5,73.5,1
18036.0,77,40,110.8,0
18037.0,56,17,60.82,0
18040.0,77,12,239.0,0
18041.0,14,258,2736.0099999999998,0
18043.0,38,99,451.81,0
18044.0,29,63,883.21,0
18048.0,35,7,172.29000000000002,0
18050.0,191,5,74.4,1
18055.0,35,152,3362.53,0
18056.0,120,19,363.65,1
18061.0,14,29,1338.3700000000001,0
18062.0,5,27,720.52,0
18064.0,67,2,408.0,0
18065.0,15,83,1412.15,0
18068.0,121,1,101.69999999999999,1
18069.0,12,241,993.87,0
18071.0,89,25,453.0,1
18072.0,17,18,247.44,0
18073.0,9,22,976.62,0
18074.0,205,13,489.6,1
18075.0,36,68,1270.72,0
18077.0,5,102,1113.27,0
18078.0,49,29,336.13,0
18079.0,70,29,1612.83,0
18080.0,74,1,841.4999999999999,0
18085.0,162,29,689.95,1
18086.0,106,7,101.34,1
18087.0,122,1,3202.9199999999996,1
18092.0,16,39,4670.04,0
18093.0,129,23,1117.52,1
18094.0,50,38,1777.2,0
18095.0,144,21,580.0500000000001,1
18097.0,37,56,1456.56,0
18102.0,10,119,106601.55,2
18106.0,161,39,430.7,1
18108.0,86,17,271.0,1
18109.0,5,226,3242.34,0
18113.0,200,1,76.32000000000001,1
18114.0,122,28,220.1,1
18116.0,65,342,1254.47,0
18118.0,7,806,3784.59,3
18119.0,199,30,181.12,1
18120.0,46,17,111.15,0
18125.0,33,172,945.14,0
18129.0,75,14,112.55000000000001,0
18133.0,44,1,931.4999999999999,0
18135.0,22,10,109.82000000000001,0
18136.0,43,32,600.85,0
18138.0,127,8,152.65,1
18142.0,47,9,282.48,0
18144.0,44,27,1605.65,0
18145.0,36,67,1023.78,0
18146.0,51,4,76.65,0
18149.0,47,14,549.68,0
18150.0,33,14,227.57999999999998,0
18151.0,121,17,312.55,1
18155.0,2,19,266.56,0
18156.0,201,55,206.23000000000002,1
18159.0,133,23,530.15,1
18160.0,32,19,318.55,0
18161.0,84,27,546.3199999999999,0
18165.0,9,10,302.46000000000004,0
18168.0,7,131,1169.94,0
18170.0,49,11,304.21,0
18171.0,70,27,464.59000000000003,0
18172.0,42,93,3720.16,0
18173.0,31,25,1728.8400000000001,0
18176.0,189,30,476.35,1
18177.0,35,43,713.65,0
18178.0,51,68,1099.94,0
18179.0,84,54,1103.16,0
18183.0,59,37,632.07,0
18185.0,81,17,304.25,0
18188.0,122,16,426.6,1
18189.0,99,40,633.1,1
18190.0,24,15,284.46000000000004,0
18191.0,93,7,207.79999999999998,1
18196.0,121,78,450.78,1
18198.0,1,100,3812.3100000000004,0
18202.0,31,68,1396.99,0
18204.0,24,93,549.43,0
18210.0,98,5,142.4,1
18211.0,110,8,137.9,1
18212.0,157,43,248.42,1
18213.0,68,15,232.48000000000002,0
18218.0,43,21,662.08,0
18219.0,46,54,912.3100000000001,0
18220.0,58,2,305.28000000000003,0
18221.0,16,30,537.01,0
18223.0,4,152,3133.34,0
18224.0,95,10,158.95000000000002,1
18225.0,35,95,1668.07,0
18226.0,17,113,2600.34,0
18227.0,49,5,93.75,0
18229.0,3,71,3620.2400000000002,0
18230.0,5,57,1643.2800000000002,0
18231.0,24,124,2083.27,0
18232.0,24,24,370.98,0
18233.0,157,1,440.0,1
18235.0,49,29,430.46000000000004,0
18236.0,18,18,304.5,0
18239.0,50,88,1561.6100000000001,0
18241.0,8,27,428.23,0
18242.0,28,26,694.08,0
18245.0,43,92,1306.29,0
18246.0,65,2,232.9,0
18248.0,18,28,496.46000000000004,0
18250.0,142,21,349.27,1
18252.0,3,3,69.89999999999999,0
18257.0,38,33,721.2,0
18259.0,198,7,376.30000000000007,1
18260.0,4,134,2643.2000000000003,0
18263.0,84,15,307.59999999999997,1
18269.0,198,7,168.6,1
18270.0,98,5,111.95,1
18272.0,56,55,980.54,0
18273.0,89,1,51.0,1
18280.0,109,10,180.60000000000002,1
18281.0,12,7,80.82,0
18283.0,10,256,638.77,0
18287.0,33,29,765.28,0
